epoch,train_loss,train_recon,train_velocity,train_commit,train_perplexity,val_loss,val_recon,val_velocity,val_commit,val_perplexity,lr,epoch_sec,best_val_so_far
1,0.4078286786874135,0.39427649974823,0.027075620368123055,0.0007186083433528742,113.1303316752116,0.4054267704486847,0.3922744393348694,0.026270097121596336,0.0008636179845780134,15.400530815124512,0.0001,7.302529119999235,0.4054267704486847
2,0.40600446859995526,0.39253227909406024,0.02688292662302653,0.001536427434378614,9.645614941914877,0.4041091799736023,0.39091163873672485,0.026249198243021965,0.003647433128207922,6.759092807769775,0.0001,4.304393464000896,0.4041091799736023
3,0.4037407338619232,0.3901134232680003,0.027093172694245975,0.004036875053619345,15.261904875437418,0.4008961021900177,0.38754627108573914,0.02661210112273693,0.0021895982790738344,28.035451889038086,0.0001,3.8966643949988793,0.4008961021900177
4,0.3987736900647481,0.38514283299446106,0.02711992897093296,0.003544427299251159,23.639504114786785,0.3952051103115082,0.38175538182258606,0.026545055210590363,0.008860106579959393,15.903051376342773,0.0001,4.115636884000196,0.3952051103115082
5,0.39329155286153156,0.37964412569999695,0.027023418496052425,0.006785364588722587,20.563392003377277,0.3877095580101013,0.37449294328689575,0.026332272216677666,0.0025238103698939085,29.208820343017578,0.0001,3.9308759960003954,0.3877095580101013
6,0.38826946417490643,0.37466463446617126,0.027073896179596584,0.0033942859154194593,31.878978093465168,0.38519999384880066,0.37190473079681396,0.02644846960902214,0.0035514342598617077,40.85369110107422,0.0001,3.55843076400015,0.38519999384880066
7,0.38461989164352417,0.37096380194028217,0.027158222471674282,0.003848674319063624,43.186841328938804,0.38051745295524597,0.367142915725708,0.026623321697115898,0.003143584355711937,48.53392791748047,0.0001,3.6936087329995644,0.38051745295524597
8,0.3799190819263458,0.3662545382976532,0.027064018572370212,0.006626874363670747,40.088932037353516,0.3771640956401825,0.36353394389152527,0.026692580431699753,0.014193891547620296,32.1411247253418,0.0001,3.713272727000003,0.3771640956401825
9,0.37601391474405926,0.36232667167981464,0.02701481431722641,0.008991520230968794,42.92910067240397,0.37038180232048035,0.35706380009651184,0.026492509990930557,0.0035871376749128103,67.52106475830078,0.0001,3.7773592459998326,0.37038180232048035
10,0.3721924424171448,0.3585936824480693,0.027034812917311985,0.0040673633726934595,69.92394765218098,0.3685101270675659,0.3552289307117462,0.02635733224451542,0.005125833209604025,71.8297119140625,0.0001,3.443451332999757,0.3685101270675659
11,0.36928749084472656,0.35559338331222534,0.027072085067629814,0.007903726616253456,67.95915222167969,0.3672933876514435,0.35388681292533875,0.026467585936188698,0.008639117702841759,73.53264617919922,0.0001,3.7425766209998983,0.3672933876514435
12,0.364139328400294,0.35045887033144635,0.02699103889365991,0.009247644804418087,73.47878519694011,0.36294010281562805,0.34939339756965637,0.026661580428481102,0.01079542376101017,72.06196594238281,0.0001,3.6678478229987377,0.36294010281562805
13,0.359565128882726,0.3456958830356598,0.026992674296100933,0.018645501385132473,66.08255132039388,0.35770556330680847,0.3439611792564392,0.02640928328037262,0.026987537741661072,64.00079345703125,0.0001,3.19728319099886,0.35770556330680847
14,0.35655950506528217,0.3425260086854299,0.027056001126766205,0.02527499447266261,63.89582061767578,0.35323289036750793,0.3396224081516266,0.026460984721779823,0.018999522551894188,69.77420806884766,0.0001,3.9043172000001505,0.35323289036750793
15,0.3521682222684224,0.33831440409024555,0.026990826552112896,0.017920158803462982,73.89780934651692,0.35054776072502136,0.3371095061302185,0.026324506849050522,0.013800214044749737,85.27862548828125,0.0001,3.345457090999844,0.35054776072502136
16,0.34904269377390545,0.33509571353594464,0.02708509812752406,0.020221841832002003,84.1266377766927,0.34945306181907654,0.3357708752155304,0.02641284465789795,0.023788180202245712,84.4866943359375,0.0001,3.603517366000233,0.34945306181907654
17,0.34725357095400494,0.33307700355847675,0.02714220993220806,0.03027346854408582,84.05451965332031,0.3432998061180115,0.3295712172985077,0.026554424315690994,0.022568553686141968,94.73283386230469,0.0001,3.6506811039998865,0.3432998061180115
18,0.3426927129427592,0.32873215277989704,0.02692350248495738,0.024940602481365204,93.08718363444011,0.3399643003940582,0.3262734115123749,0.026533037424087524,0.021218208596110344,98.94031524658203,0.0001,3.532296553001288,0.3399643003940582
19,0.34179677565892536,0.32773974537849426,0.027047897999485333,0.026654254645109177,93.5318832397461,0.33943110704421997,0.32564201951026917,0.026583576574921608,0.024865100160241127,98.13815307617188,0.0001,3.4492200870008674,0.33943110704421997
20,0.3382207949956258,0.32421935598055523,0.026952598243951797,0.026256995896498363,101.28809102376302,0.3385906517505646,0.3250657320022583,0.02608959563076496,0.024005621671676636,105.06149291992188,0.0001,3.560813729000074,0.3385906517505646
21,0.3372408449649811,0.3232440948486328,0.026902902250488598,0.027264366547266643,107.21370442708333,0.33517012000083923,0.3215446472167969,0.02634456381201744,0.022659773007035255,119.4086685180664,0.0001,3.525495771000351,0.33517012000083923
22,0.336247980594635,0.322252094745636,0.026998964448769886,0.024819278468688328,116.29311879475911,0.33636125922203064,0.3227918744087219,0.026256626471877098,0.02205432765185833,126.1019287109375,0.0001,3.592362879000575,0.33517012000083923
23,0.33472707867622375,0.3207401732603709,0.027007000520825386,0.02417043348153432,123.87511189778645,0.33554965257644653,0.3218939006328583,0.026426270604133606,0.02213076688349247,128.03717041015625,0.0001,3.3279710879996856,0.33517012000083923
24,0.33359549442927044,0.31967901190121967,0.026803137734532356,0.025745317960778873,126.41889190673828,0.3329867124557495,0.31939950585365295,0.026185696944594383,0.024717550724744797,131.70814514160156,0.0001,3.266718860000765,0.3329867124557495
25,0.3324018716812134,0.3184014956156413,0.026902003834644955,0.027468785022695858,129.24326833089194,0.3327806890010834,0.3191109299659729,0.02627619542181492,0.02658347599208355,132.70924377441406,0.0001,3.9536528940006974,0.3327806890010834
26,0.33253275354703266,0.318466583887736,0.02694382021824519,0.029713166877627373,131.1435089111328,0.33179178833961487,0.31799450516700745,0.026418687775731087,0.029397591948509216,135.712890625,0.0001,4.054040304001319,0.33179178833961487
27,0.3308334946632385,0.3167574902375539,0.026852811376253765,0.032480393846829735,131.3242645263672,0.3307865858078003,0.31707891821861267,0.02612314745783806,0.03230458125472069,134.9023895263672,0.0001,3.8267845709997346,0.3307865858078003
28,0.33002761006355286,0.31585561235745746,0.026942846054832142,0.03502895807226499,132.7792510986328,0.3301120698451996,0.31636300683021545,0.026121992617845535,0.03440384566783905,136.5045623779297,0.0001,3.630265756000881,0.3301120698451996
29,0.33041687806447345,0.31616247693697613,0.026896245156725247,0.04031421119968096,131.1554921468099,0.3295111060142517,0.3153577744960785,0.02663828805088997,0.041709329932928085,131.6323699951172,0.0001,3.5174045950006985,0.3295111060142517
30,0.3289707104365031,0.3146280348300934,0.026851040000716846,0.04585821678241094,129.2022908528646,0.3280297517776489,0.3139234483242035,0.026550279930233955,0.04155735298991203,136.08602905273438,0.0001,3.781729791999169,0.3280297517776489
31,0.3292279740174611,0.3146834870179494,0.0271417498588562,0.048680320382118225,135.20221964518228,0.33006924390792847,0.3160543143749237,0.02624812349677086,0.044544391334056854,137.17022705078125,0.0001,3.902718780000214,0.3280297517776489
32,0.3291963040828705,0.31463757157325745,0.02712974076469739,0.04969239110747973,137.16036478678384,0.32895946502685547,0.31480610370635986,0.02652105689048767,0.04464128613471985,143.9754180908203,0.0001,3.55310994499996,0.3280297517776489
33,0.3284813364346822,0.3140734334786733,0.02685250590244929,0.049082660426696144,140.54077657063803,0.3279411196708679,0.313746839761734,0.026409205049276352,0.04948364198207855,143.53904724121094,0.0001,3.3047918749998644,0.3279411196708679
34,0.32739068071047467,0.3129431903362274,0.026739948739608128,0.0538761243224144,141.7981211344401,0.32660025358200073,0.3124733567237854,0.02625693939626217,0.049921873956918716,147.13705444335938,0.0001,3.779828983000698,0.32660025358200073
35,0.3261614938577016,0.311637947956721,0.026857614517211914,0.054737439999977745,144.99007161458334,0.3260461688041687,0.31167349219322205,0.02648252807557583,0.05657033249735832,144.5482940673828,0.0001,3.5381020800014085,0.3260461688041687
36,0.32562850912412006,0.3109503885110219,0.026884105056524277,0.061803617825110756,144.18961588541666,0.32545164227485657,0.311238557100296,0.026197444647550583,0.055718522518873215,147.7916259765625,0.0001,3.638552016000176,0.32545164227485657
37,0.3254676361878713,0.3108142117659251,0.026861051718393963,0.06114516407251358,147.74483744303384,0.3263312578201294,0.31202077865600586,0.026341905817389488,0.05697668343782425,151.1796417236328,0.0001,3.819235431001289,0.32545164227485657
38,0.32483379046122235,0.31023189425468445,0.02673252671957016,0.06178148339192072,150.53433736165366,0.32456865906715393,0.3104572892189026,0.02605363540351391,0.05422787368297577,157.64349365234375,0.0001,3.8172896659998514,0.32456865906715393
39,0.3256055911382039,0.311105211575826,0.0267407385011514,0.05650129045049349,157.11096700032553,0.3255659341812134,0.31141477823257446,0.026218904182314873,0.05208534747362137,161.4681854248047,0.0001,3.4206382559987105,0.32456865906715393
40,0.3254331946372986,0.3107523024082184,0.02703799617787202,0.058094809452692665,158.6532948811849,0.323922723531723,0.3099368214607239,0.02590441145002842,0.051684487611055374,163.42007446289062,0.0001,3.6958259969997016,0.323922723531723
41,0.3237520754337311,0.30923550327618915,0.026819095015525818,0.0553517093261083,162.50698852539062,0.32518529891967773,0.31083041429519653,0.02647860161960125,0.05578003078699112,163.73269653320312,0.0001,3.822181547000582,0.323922723531723
42,0.32286866505940753,0.30836235483487445,0.026688292622566223,0.05810816337664922,162.35502115885416,0.32324865460395813,0.3089684247970581,0.026352304965257645,0.055204108357429504,164.46768188476562,0.0001,3.749979608999638,0.32324865460395813
43,0.3221166431903839,0.30756811300913495,0.026741844912370045,0.05888030305504799,163.49484252929688,0.3206412196159363,0.3064178228378296,0.02598862163722515,0.061453528702259064,163.964111328125,0.0001,3.9013108769995597,0.3206412196159363
44,0.32173341512680054,0.3069976369539897,0.026779780164361,0.06729433685541153,160.334228515625,0.3206084668636322,0.30626291036605835,0.02600030228495598,0.06727016717195511,160.3829345703125,0.0001,3.585593964000509,0.3206084668636322
45,0.32064109047253925,0.3057374656200409,0.02674042247235775,0.07667076090971629,153.04206339518228,0.3212882876396179,0.3065115809440613,0.026133093982934952,0.08550677448511124,148.1498565673828,0.0001,3.6181471300005796,0.3206084668636322
46,0.32104119658470154,0.3056854506333669,0.026707446202635765,0.10010084509849548,140.78914388020834,0.32182231545448303,0.30639082193374634,0.026339208707213402,0.11309444159269333,131.68768310546875,0.0001,3.7128984709997894,0.3206084668636322
47,0.32228726148605347,0.30627143383026123,0.0268850630770127,0.12866473694642386,122.44092559814453,0.3214681148529053,0.30555254220962524,0.026392826810479164,0.13595788180828094,113.206298828125,0.0001,3.6448159240007953,0.3206084668636322
48,0.32195666432380676,0.3055117428302765,0.02690361998975277,0.1496555209159851,116.06280008951823,0.31979602575302124,0.30365777015686035,0.02629880979657173,0.14944162964820862,115.24516296386719,0.0001,3.3961930669993308,0.31979602575302124
49,0.3198952078819275,0.3032909433046977,0.026741797104477882,0.1616678684949875,115.7082010904948,0.3194233477115631,0.30323344469070435,0.026036404073238373,0.15858598053455353,117.46601867675781,0.0001,3.610582657998748,0.3194233477115631
50,0.3197352985541026,0.30289586385091144,0.02675153004626433,0.1731841911872228,116.2320048014323,0.3188993036746979,0.3024350106716156,0.026054728776216507,0.17184633016586304,121.23529815673828,0.0001,3.4253240100006224,0.3188993036746979
51,0.3189484675725301,0.30183937152226764,0.026798805221915245,0.18548457324504852,114.73905181884766,0.3176198899745941,0.3011559844017029,0.025863055139780045,0.17661921679973602,117.1872329711914,0.0001,3.853845027000716,0.3176198899745941
52,0.3175231118996938,0.3005173106988271,0.02678454853594303,0.18067672848701477,119.55293273925781,0.31620076298713684,0.2997308671474457,0.02621499076485634,0.16811911761760712,126.00179290771484,0.0001,3.5786599349994503,0.31620076298713684
53,0.31570767362912494,0.29871992270151776,0.026840463280677795,0.1783758451541265,128.53231557210287,0.3160583972930908,0.2996649444103241,0.026108119636774063,0.16696883738040924,138.8751220703125,0.0001,3.603832278000482,0.3160583972930908
54,0.3143581251303355,0.2975182632605235,0.026628668730457623,0.1762759933869044,138.0096689860026,0.3117174208164215,0.2952568233013153,0.02619064785540104,0.1682644784450531,140.99880981445312,0.0001,3.794885749999594,0.3117174208164215
55,0.3142450253168742,0.29725170135498047,0.026791378234823544,0.17988174160321554,140.2522226969401,0.312856525182724,0.296339213848114,0.02604951523244381,0.17462822794914246,139.05165100097656,0.0001,3.3007453699992766,0.3117174208164215
56,0.31341758370399475,0.2963617146015167,0.026699936638275783,0.1852943350871404,141.49642944335938,0.3097367584705353,0.2932807207107544,0.02583201602101326,0.17700223624706268,141.58934020996094,0.0001,3.5398735409999063,0.3097367584705353
57,0.3123195469379425,0.29515837629636127,0.026678765192627907,0.19108904898166656,143.61415100097656,0.31138673424720764,0.29455453157424927,0.026079395785927773,0.18962426483631134,143.4639129638672,0.0001,3.6590689679997013,0.3097367584705353
58,0.31079190969467163,0.29336458444595337,0.026863886664311092,0.1997687816619873,145.82286580403647,0.30871355533599854,0.29173532128334045,0.026254411786794662,0.19255134463310242,146.05789184570312,0.0001,3.4253437940005824,0.30871355533599854
59,0.31000444293022156,0.29252108931541443,0.026820584510763485,0.2036528488000234,149.3431193033854,0.30994346737861633,0.2928120493888855,0.026379110291600227,0.1970934122800827,152.610107421875,0.0001,3.5666949469996325,0.30871355533599854
60,0.30893684426943463,0.29161542654037476,0.02676950829724471,0.196833536028862,153.62277221679688,0.30616962909698486,0.2892846465110779,0.02624550461769104,0.18811212480068207,153.4677734375,0.0001,3.499228143999062,0.30616962909698486
61,0.30739011367162067,0.2901025613149007,0.026570227618018787,0.20012259980042776,156.51828002929688,0.3060922920703888,0.2888277769088745,0.026066508144140244,0.2115631103515625,146.77911376953125,0.0001,3.253847866000797,0.3060922920703888
62,0.30682721734046936,0.28904837369918823,0.02658335119485855,0.2243580569823583,154.67858378092447,0.3055269122123718,0.2878566086292267,0.02597241848707199,0.23420478403568268,148.79054260253906,0.0001,3.1540139890003047,0.3055269122123718
63,0.3063453833262126,0.28798548380533856,0.026722076659401257,0.2499424616495768,156.30760192871094,0.30544084310531616,0.2870706021785736,0.02629651501774788,0.26110002398490906,154.11326599121094,0.0001,3.611555744000725,0.30544084310531616
64,0.306778887907664,0.28790367643038434,0.02661583696802457,0.27836448947588605,155.7052205403646,0.30802392959594727,0.28898000717163086,0.026245592162013054,0.2960566282272339,152.45352172851562,0.0001,3.3621672130011575,0.30544084310531616
65,0.3067341049512227,0.28714961806933087,0.02669001929461956,0.31197402874628705,154.6760050455729,0.30521076917648315,0.28601518273353577,0.026025880128145218,0.3091314435005188,151.7356719970703,0.0001,3.396308567998858,0.30521076917648315
66,0.30591173966725665,0.286099910736084,0.02665728268524011,0.32415976126988727,156.28473917643228,0.30601170659065247,0.2865581512451172,0.025848861783742905,0.3264567255973816,151.7937774658203,0.0001,3.4117311209993204,0.30521076917648315
67,0.3048806885878245,0.28463507692019147,0.026696374639868736,0.3448718786239624,156.5655263264974,0.3039970397949219,0.28352177143096924,0.026637502014636993,0.3578261435031891,147.95040893554688,0.0001,3.2970125310002913,0.3039970397949219
68,0.30396318435668945,0.28304993112881977,0.02663515756527583,0.379784216483434,153.05785115559897,0.30543166399002075,0.2845759689807892,0.026090478524565697,0.3905218839645386,146.27487182617188,0.0001,3.32548456800032,0.3039970397949219
69,0.3051420549551646,0.2836456596851349,0.026664722710847855,0.4082014163335164,151.19392903645834,0.30552980303764343,0.28443294763565063,0.02614404447376728,0.4012415111064911,149.36720275878906,0.0001,3.3771874440008105,0.3039970397949219
70,0.30426959196726483,0.2826632559299469,0.02668632132311662,0.41315850615501404,152.62134806315103,0.30157342553138733,0.2805728018283844,0.025904815644025803,0.40241023898124695,150.7882843017578,0.0001,3.276764827000079,0.30157342553138733
71,0.3039378623167674,0.28204843401908875,0.026729586844642956,0.4262315134207408,154.32258097330728,0.3008041977882385,0.279209703207016,0.026418063789606094,0.4192725718021393,151.8023223876953,0.0001,3.587205294999876,0.3008041977882385
72,0.3027958373228709,0.280864953994751,0.026678745945294697,0.4295751253763835,156.52265421549478,0.3007391393184662,0.27945855259895325,0.0259880181401968,0.41432812809944153,154.0334014892578,0.0001,3.589075679999951,0.3007391393184662
73,0.301235169172287,0.2793760597705841,0.026662541553378105,0.4263919989267985,158.63270060221353,0.29904940724372864,0.2775116264820099,0.02597850374877453,0.42742615938186646,155.88522338867188,0.0001,3.2967555199993512,0.29904940724372864
74,0.300082266330719,0.2780799667040507,0.026523437971870106,0.43702946106592816,159.66763814290366,0.2981069087982178,0.27672502398490906,0.025904027745127678,0.4214947521686554,161.53233337402344,0.0001,3.4739855020015966,0.2981069087982178
75,0.2999781568845113,0.27790937821070355,0.026795527587334316,0.43355077505111694,163.6086883544922,0.29555660486221313,0.2742619216442108,0.026041127741336823,0.4137049615383148,164.46995544433594,0.0001,3.7154959780000354,0.29555660486221313
76,0.2994431058565776,0.27754002809524536,0.026830389474829037,0.4243943790594737,167.3715565999349,0.29518646001815796,0.27394771575927734,0.026179980486631393,0.40743765234947205,168.73553466796875,0.0001,3.51782981299948,0.29518646001815796
77,0.2975993553797404,0.2757652699947357,0.026479067901770275,0.4297272364298503,170.30486043294272,0.2960803210735321,0.2749694585800171,0.025851795449852943,0.40924859046936035,171.35032653808594,0.0001,3.2735548430009658,0.29518646001815796
78,0.29822911818822223,0.276415894428889,0.026608142380913097,0.42545836170514423,172.56581115722656,0.2955033779144287,0.27420514822006226,0.02595122531056404,0.4161309003829956,171.70840454101562,0.0001,3.3691477150005085,0.29518646001815796
79,0.2960738738377889,0.27441691358884174,0.026531344279646873,0.41956456502278644,175.58350626627603,0.2938934564590454,0.2724091410636902,0.026106860488653183,0.42154461145401,173.61170959472656,0.0001,3.378312877999633,0.2938934564590454
80,0.294893612464269,0.2731425364812215,0.02649146007994811,0.42526745796203613,179.0539296468099,0.29415157437324524,0.27286267280578613,0.025944851338863373,0.4158250093460083,179.32254028320312,0.0001,3.441905002000567,0.2938934564590454
81,0.29466598232587177,0.273055762052536,0.026631857578953106,0.41471495230992633,184.37734985351562,0.2945757210254669,0.2733467221260071,0.026075897738337517,0.40955179929733276,183.8057861328125,0.0001,3.4321677909993014,0.2938934564590454
82,0.2945744792620341,0.2731013000011444,0.02648794713119666,0.41145987311999005,186.95910135904947,0.29397186636924744,0.272909551858902,0.025978518649935722,0.40365275740623474,186.36585998535156,0.0001,3.494198894000874,0.2938934564590454
83,0.29408032695452374,0.2724744975566864,0.026578305910031002,0.41583388050397235,190.1448720296224,0.29380369186401367,0.2727067470550537,0.025836914777755737,0.40892428159713745,185.28536987304688,0.0001,3.6306633500007592,0.29380369186401367
84,0.29326651493708294,0.2718457182248433,0.026502531642715137,0.40847623348236084,191.2198232014974,0.29052767157554626,0.26944538950920105,0.025773126631975174,0.4097857177257538,185.89048767089844,0.0001,3.376106345000153,0.29052767157554626
85,0.2920522789160411,0.2704739769299825,0.02647221398850282,0.4171096682548523,191.45780436197916,0.28966251015663147,0.26853135228157043,0.025952039286494255,0.4077565371990204,190.96852111816406,0.0001,3.5940396930000134,0.28966251015663147
86,0.29183894395828247,0.2702385187149048,0.026482002809643745,0.4179712136586507,194.0272013346354,0.28968995809555054,0.26847314834594727,0.02611682191491127,0.4079195261001587,195.63885498046875,0.0001,3.635868212000787,0.28966251015663147
87,0.2911343773206075,0.26948169867197674,0.02656483401854833,0.41851259271303815,196.9560546875,0.2888326644897461,0.2676931619644165,0.02593413181602955,0.4086214303970337,195.58297729492188,0.0001,3.6188683960008348,0.2888326644897461
88,0.29044769207636517,0.26882245143254596,0.026594846198956173,0.4163911243279775,198.7666982014974,0.2901022136211395,0.2689235508441925,0.02593672275543213,0.4105152189731598,196.6895751953125,0.0001,3.5282140920007805,0.2888326644897461
89,0.29057756066322327,0.26893150806427,0.026484619826078415,0.420187383890152,200.19762674967447,0.2926502525806427,0.27145636081695557,0.026031268760561943,0.40891289710998535,201.70921325683594,0.0001,3.7745168229994306,0.2888326644897461
90,0.290799617767334,0.2692453662554423,0.02652677645285924,0.4145432114601135,204.92401631673178,0.2888272702693939,0.2676084041595459,0.02622908353805542,0.40521669387817383,204.02578735351562,0.0001,3.640014363998489,0.2888272702693939
91,0.2892761528491974,0.2677459220091502,0.02654985835154851,0.4127657214800517,206.9674835205078,0.2894286513328552,0.26831454038619995,0.02567399851977825,0.41385599970817566,204.48219299316406,0.0001,3.4275165870003548,0.2888326644897461
92,0.28890809416770935,0.2672860225041707,0.026524337629477184,0.4179951051870982,208.26512654622397,0.2852023243904114,0.264119952917099,0.025801578536629677,0.4090788960456848,207.96224975585938,0.0001,3.6929281519987853,0.2852023243904114
93,0.2880854606628418,0.2664947013060252,0.02645137843986352,0.4182541271050771,210.62044779459634,0.28672531247138977,0.26547303795814514,0.02589702606201172,0.41518792510032654,210.9635772705078,0.0001,3.54856566700073,0.2852023243904114
94,0.2873210708300273,0.2655794024467468,0.026505695655941963,0.42444096008936566,212.7824961344401,0.2852662205696106,0.26408252120018005,0.025672608986496925,0.4173696041107178,212.59133911132812,0.0001,3.567662740000742,0.2852023243904114
95,0.2881402870019277,0.266403466463089,0.026340459783871967,0.4283302923043569,213.45382181803384,0.2857702970504761,0.2644662857055664,0.026057478040456772,0.4137633740901947,213.41065979003906,0.0001,3.6060093529995356,0.2852023243904114
96,0.28646795948346454,0.2646162311236064,0.026442100604375202,0.4315339724222819,214.8268025716146,0.286704421043396,0.2650447189807892,0.02595524676144123,0.4341038465499878,216.10757446289062,0.0001,3.483873230001336,0.2852023243904114
97,0.28682319323221844,0.26482197642326355,0.026364939908186596,0.4409370720386505,214.70794169108072,0.2853606939315796,0.2637288272380829,0.025755323469638824,0.4377092719078064,213.2865447998047,0.0001,3.34915280200039,0.2852023243904114
98,0.2873390813668569,0.2651691933472951,0.026521197830637295,0.44546468059221905,215.27450052897134,0.2888844311237335,0.26697322726249695,0.025738462805747986,0.45209792256355286,212.15618896484375,0.0001,3.657016390001445,0.2852023243904114
99,0.2883644898732503,0.266204575697581,0.026440317432085674,0.44698771834373474,218.25493876139322,0.28922683000564575,0.2671903073787689,0.02599007450044155,0.452073872089386,215.9593505859375,0.0001,3.337798404998466,0.2852023243904114
100,0.28696852922439575,0.2645379801591237,0.026465661823749542,0.4598854184150696,217.98932393391928,0.2849898338317871,0.2628677189350128,0.02589351125061512,0.45876821875572205,218.54281616210938,0.0001,3.5709534069992515,0.2849898338317871
101,0.2862549026807149,0.2637758255004883,0.026315908258159954,0.4660566548506419,215.83499145507812,0.2861329913139343,0.26367831230163574,0.02590702287852764,0.4750579297542572,216.956298828125,0.0001,3.964491918999556,0.2849898338317871
102,0.28624504804611206,0.2633860210577647,0.026421628271540005,0.4824110170205434,214.73177083333334,0.28345751762390137,0.26109579205513,0.02527770772576332,0.48614341020584106,214.60687255859375,0.0001,3.437654895000378,0.28345751762390137
103,0.28562092781066895,0.26245347658793133,0.02646701969206333,0.4966973265012105,214.67045084635416,0.28404179215431213,0.2607286870479584,0.026073040440678596,0.5138286352157593,208.32212829589844,0.0001,3.455738474998725,0.28345751762390137
104,0.285991907119751,0.26247523228327435,0.026334223027030628,0.5174785057703654,212.57396952311197,0.28586694598197937,0.26240065693855286,0.02597411535680294,0.5239622592926025,212.37380981445312,0.0001,3.4395177549995424,0.28345751762390137
105,0.2855038245519002,0.2617086668809255,0.026435798034071922,0.5288628538449606,213.7056884765625,0.28529682755470276,0.26137062907218933,0.02607501484453678,0.5444350838661194,215.05770874023438,0.0001,3.4713612890009244,0.28345751762390137
106,0.28490644693374634,0.2607402801513672,0.026372383038202923,0.5489985148111979,212.08975728352866,0.2852642238140106,0.2616806626319885,0.025524914264678955,0.5410551428794861,213.345947265625,0.0001,3.8248058249992027,0.28345751762390137
107,0.28590179483095807,0.26179505387942,0.02638736367225647,0.5456534425417582,216.11388651529947,0.2834436297416687,0.25960010290145874,0.02582719549536705,0.5464972853660583,217.48403930664062,0.0001,3.2652016789998015,0.2834436297416687
108,0.2843758662541707,0.2600581149260203,0.026374593377113342,0.5565224289894104,218.685546875,0.2845478355884552,0.26039499044418335,0.025730833411216736,0.5643707513809204,218.4279022216797,0.0001,3.330213523000566,0.2834436297416687
109,0.28488098581631977,0.26024726033210754,0.02634682257970174,0.5730163852373759,221.2227986653646,0.28446027636528015,0.2599698305130005,0.025703605264425278,0.5819327235221863,215.8656463623047,0.0001,3.523761915999785,0.2834436297416687
110,0.28533698121706647,0.26005231340726215,0.026479725415507954,0.6022404829661051,219.47293599446616,0.2861640751361847,0.2608949840068817,0.02605133131146431,0.6121704578399658,215.95697021484375,0.0001,3.4466456890004338,0.2834436297416687
111,0.28604498505592346,0.26034752527872723,0.026367272560795147,0.6256905794143677,220.61856587727866,0.28539854288101196,0.25973382592201233,0.02612445503473282,0.6301244497299194,222.70936584472656,0.0001,3.4658846749989607,0.2834436297416687
112,0.28692567348480225,0.260846883058548,0.026550317804018658,0.6401813626289368,224.5430653889974,0.2840783894062042,0.2580904960632324,0.02578660659492016,0.6547303795814514,225.43292236328125,0.0001,3.548414151000543,0.2834436297416687
113,0.28540762265523273,0.2590765357017517,0.026361913109819095,0.6575060685475668,226.05684407552084,0.28477272391319275,0.258338987827301,0.02577456459403038,0.6773234009742737,221.89505004882812,0.0001,3.276735835999716,0.2834436297416687
114,0.28578949968020123,0.25884602467219037,0.0264170387138923,0.6867477893829346,225.21731567382812,0.2858619689941406,0.2588316798210144,0.025993285700678825,0.7016818523406982,223.36257934570312,0.0001,3.1977570300005027,0.2834436297416687
115,0.286361426115036,0.2587475876013438,0.026539845392107964,0.7171957095464071,223.77994283040366,0.2852397561073303,0.25787630677223206,0.025807969272136688,0.7229731678962708,221.6731719970703,5e-05,3.4697963599992363,0.2834436297416687
116,0.2855699161688487,0.2576438983281453,0.02647036810715993,0.7345413366953532,222.17510986328125,0.28321123123168945,0.25569117069244385,0.025545399636030197,0.7373674511909485,218.68563842773438,5e-05,3.347830007000084,0.28321123123168945
117,0.2853053609530131,0.25707629323005676,0.02647527555624644,0.7495719790458679,222.3702189127604,0.2829393446445465,0.2552031874656677,0.025817545130848885,0.7413691878318787,219.6748504638672,5e-05,3.425653479000175,0.2829393446445465
118,0.2841821312904358,0.2559955020745595,0.02638651430606842,0.7496687372525533,223.2295125325521,0.2826959788799286,0.2545890808105469,0.025864403694868088,0.7587337493896484,223.91476440429688,5e-05,3.6422178280008666,0.2826959788799286
119,0.2845728397369385,0.25617702802022296,0.026428626229365666,0.7590747872988383,224.07532755533853,0.2832779586315155,0.25528794527053833,0.02572595700621605,0.7563513517379761,221.14170837402344,5e-05,3.4720367940008146,0.2826959788799286
120,0.28548794984817505,0.2568176786104838,0.026602268839875858,0.7684566378593445,224.24449666341147,0.2841652035713196,0.25599321722984314,0.025753334164619446,0.7647660970687866,221.64231872558594,5e-05,3.2761399859991798,0.2826959788799286
121,0.28494150439898175,0.2561796009540558,0.026515714824199677,0.775202473004659,225.77808125813803,0.283957302570343,0.2555520832538605,0.025656800717115402,0.7788402438163757,222.4867706298828,5e-05,3.566596747999938,0.2826959788799286
122,0.28433244427045185,0.25556593139966327,0.026271084944407146,0.7815481424331665,226.64639282226562,0.2824132740497589,0.25408732891082764,0.025710029527544975,0.7735467553138733,225.67178344726562,5e-05,3.2519979159987997,0.2824132740497589
123,0.2845853765805562,0.25566710035006207,0.026443811133503914,0.7848193248112997,227.95126342773438,0.2837084233760834,0.2551829516887665,0.025770938023924828,0.781998872756958,225.65403747558594,5e-05,3.3309692490001908,0.2824132740497589
124,0.28371020158131915,0.25456926226615906,0.026515124986569088,0.7941685318946838,229.27129618326822,0.2820338010787964,0.25317299365997314,0.02604137547314167,0.7920054197311401,225.496337890625,5e-05,3.373407306000445,0.2820338010787964
125,0.2840065360069275,0.2548601031303406,0.026293727879722912,0.7999785741170248,231.70346069335938,0.2831166386604309,0.2542170584201813,0.025721516460180283,0.8019413352012634,228.33401489257812,5e-05,3.2434971220009174,0.2820338010787964
126,0.28389786680539447,0.2545492351055145,0.02639966644346714,0.8074395457903544,232.77716573079428,0.282990038394928,0.25390031933784485,0.02605186216533184,0.8031893968582153,230.66746520996094,5e-05,3.464159216999178,0.2820338010787964
127,0.2828638752301534,0.2533905307451884,0.026252957060933113,0.8173426588376363,235.28435262044272,0.2812555730342865,0.2520495057106018,0.025669656693935394,0.8185626268386841,233.89039611816406,5e-05,3.362913282999216,0.2812555730342865
128,0.2835157811641693,0.2536681791146596,0.026423223316669464,0.8317994674046835,237.6855672200521,0.28402021527290344,0.2543570399284363,0.02580486610531807,0.8380366563796997,236.31668090820312,5e-05,3.212605037000685,0.2812555730342865
129,0.2832293212413788,0.2531794806321462,0.026356568560004234,0.8435775836308798,238.98150126139322,0.28331419825553894,0.2535649836063385,0.025921791791915894,0.8394160270690918,236.86427307128906,5e-05,3.2259624080015783,0.2812555730342865
130,0.2834063371022542,0.2530640661716461,0.02637741652627786,0.8576777180035909,240.85305786132812,0.28313732147216797,0.2527925670146942,0.026013117283582687,0.866909384727478,236.40707397460938,5e-05,3.4804886560013983,0.2812555730342865
131,0.2823985517024994,0.2518453498681386,0.02620246261358261,0.8725980321566263,241.75496419270834,0.2818267345428467,0.2513253688812256,0.02581140771508217,0.8797829747200012,235.67434692382812,5e-05,3.183074069000213,0.2812555730342865
132,0.2826233704884847,0.251598596572876,0.026407451679309208,0.8910520672798157,242.93770345052084,0.28225117921829224,0.25138869881629944,0.025633133947849274,0.9022957682609558,237.9510498046875,5e-05,3.4666073030002735,0.2812555730342865
133,0.2833669384320577,0.25211050113042194,0.026440770054856937,0.9018023212750753,244.13385009765625,0.28304582834243774,0.2523996829986572,0.025725729763507843,0.8891639113426208,240.70291137695312,5e-05,3.2543588900007308,0.2812555730342865
134,0.2827751537164052,0.2514627476533254,0.026257359112302463,0.9091861844062805,246.27320353190103,0.2807639241218567,0.24969737231731415,0.02549690753221512,0.9159038662910461,243.5841522216797,5e-05,3.16639202999977,0.2807639241218567
135,0.2836758593718211,0.25182363390922546,0.026472849150498707,0.9307901859283447,247.93930053710938,0.283206045627594,0.2514873743057251,0.025909775868058205,0.9381889700889587,241.319580078125,5e-05,3.381682446999548,0.2807639241218567
136,0.2838506797949473,0.2517397304375966,0.02644960768520832,0.9443070689837137,248.8633270263672,0.28023308515548706,0.24879254400730133,0.025720825418829918,0.9290063381195068,244.34332275390625,5e-05,3.278894749999381,0.28023308515548706
137,0.28317272663116455,0.2510462502638499,0.026331841945648193,0.9480280081431071,248.86385599772134,0.28239983320236206,0.2504711151123047,0.025828056037425995,0.9507348537445068,246.69729614257812,5e-05,3.2738604360001773,0.28023308515548706
138,0.28302841385205585,0.25059165557225543,0.026293578868110973,0.9644989172617594,250.7344716389974,0.282067209482193,0.25002002716064453,0.025705797597765923,0.9597137570381165,245.84521484375,5e-05,3.405632166999567,0.28023308515548706
139,0.2832921842734019,0.2503569573163986,0.026495843504865963,0.9843654036521912,251.6312052408854,0.28125932812690735,0.2487560361623764,0.025890635326504707,0.9778987169265747,249.3945770263672,5e-05,3.2341656260014133,0.28023308515548706
140,0.28305745124816895,0.24991183976332346,0.026440047348539036,0.9962796767552694,252.40941874186197,0.280935674905777,0.24766594171524048,0.026269637048244476,1.0067466497421265,245.62362670898438,5e-05,3.1966960789995937,0.28023308515548706
141,0.2835089365641276,0.24993043641249338,0.02659372550745805,1.0140821536382039,253.5799357096354,0.28090929985046387,0.24778318405151367,0.02594875730574131,1.0075868368148804,247.70700073242188,5e-05,3.4149004760001844,0.28023308515548706
142,0.28234689434369403,0.24878490964571634,0.026258917525410652,1.021626869837443,254.37346903483072,0.28123536705970764,0.2476990520954132,0.025885717943310738,1.0296727418899536,250.75576782226562,5e-05,3.1619877299999644,0.28023308515548706
143,0.28228306770324707,0.24833636482556662,0.02642907698949178,1.036608338356018,255.50214131673178,0.27989572286605835,0.2462988644838333,0.025452643632888794,1.0435264110565186,251.96693420410156,5e-05,3.223804459999883,0.27989572286605835
144,0.28313933809598285,0.24890206257502237,0.026497159153223038,1.0494349400202434,257.4654998779297,0.2806306779384613,0.24688757956027985,0.02552107349038124,1.0491280555725098,251.0418243408203,5e-05,3.4297887009997794,0.27989572286605835
145,0.2833111385504405,0.24874674280484518,0.02644582527379195,1.0670739809672039,258.34910074869794,0.28169044852256775,0.24759575724601746,0.026043079793453217,1.0536588430404663,255.7659912109375,5e-05,3.2037592950000544,0.27989572286605835
146,0.28232331077257794,0.24787820875644684,0.026273303975661595,1.0654222965240479,260.48781331380206,0.27975812554359436,0.24570445716381073,0.025800686329603195,1.0576659440994263,250.4040985107422,5e-05,3.1979660260003584,0.27975812554359436
147,0.2825940251350403,0.2479108919699987,0.026334989195068676,1.0757816632588704,261.6044413248698,0.2817472219467163,0.2469528764486313,0.025977442041039467,1.0902806520462036,252.30670166015625,5e-05,3.3343654649997916,0.27975812554359436
148,0.28252025445302326,0.24741057554880777,0.02655343897640705,1.0916483004887898,262.0310567220052,0.28153958916664124,0.2466646283864975,0.02579013630747795,1.0989946126937866,255.33680725097656,5e-05,3.234256061999986,0.27975812554359436
149,0.28281497955322266,0.24740699430306753,0.026417337357997894,1.1099663575490315,263.1526184082031,0.28245577216148376,0.24749822914600372,0.025995735079050064,1.0979828834533691,256.8562927246094,5e-05,3.1895448599989322,0.27975812554359436
150,0.2823205590248108,0.2467022935549418,0.026452831303079922,1.1195923487345378,266.05066935221356,0.28092798590660095,0.2458401322364807,0.0255877748131752,1.1146979331970215,260.2194519042969,5e-05,3.3534987200000614,0.27975812554359436
151,0.28170807162920636,0.24604933460553488,0.026379873355229694,1.1234403451283772,270.08449300130206,0.2809979319572449,0.24545204639434814,0.026013340801000595,1.1269609928131104,263.2476806640625,5e-05,3.3866044099995634,0.27975812554359436
152,0.2817872265974681,0.24598137040932974,0.026317616924643517,1.132352312405904,271.60048421223956,0.28150802850723267,0.24601195752620697,0.02583402208983898,1.1289536952972412,266.2824401855469,5e-05,3.3328384699998423,0.27975812554359436
153,0.2818317512671153,0.2456501970688502,0.02663736107448737,1.1431435743967693,276.4705403645833,0.28090161085128784,0.24513785541057587,0.026039671152830124,1.1371948719024658,272.9424743652344,5e-05,3.257250020998981,0.27975812554359436
154,0.28181565801302594,0.24569386740525564,0.026471965635816257,1.1442904869715373,280.14637247721356,0.2800808548927307,0.24464520812034607,0.025853518396615982,1.1254442930221558,273.8409118652344,5e-05,3.1712871830004588,0.27975812554359436
155,0.2805530031522115,0.2446900208791097,0.026303574442863464,1.135560154914856,283.1775207519531,0.27832934260368347,0.24333630502223969,0.02565494365990162,1.108278751373291,277.4855041503906,5e-05,3.3522736569993867,0.27832934260368347
156,0.2805059353510539,0.2446920226017634,0.02634173383315404,1.1321525971094768,286.56653849283856,0.2795681059360504,0.24409803748130798,0.025849396362900734,1.127267837524414,278.66387939453125,5e-05,3.4138528049988963,0.27832934260368347
157,0.2799193362394969,0.24385018646717072,0.026368385801712673,1.1442477305730183,287.1220296223958,0.27766311168670654,0.24218930304050446,0.025650454685091972,1.1324279308319092,280.977783203125,5e-05,3.4696178729991516,0.27766311168670654
158,0.2797148525714874,0.2434716820716858,0.026219351217150688,1.1566753784815471,288.8640645345052,0.27973538637161255,0.2435670793056488,0.026091838255524635,1.156119465827942,282.72802734375,5e-05,3.4319655099989177,0.27766311168670654
159,0.28028685847918194,0.24366898834705353,0.026408128440380096,1.1706902186075847,292.66156005859375,0.2803255021572113,0.24396245181560516,0.02590266242623329,1.1705856323242188,284.85137939453125,5e-05,3.1550227959996846,0.27766311168670654
160,0.28014912207921344,0.24352721373240152,0.026246932645638783,1.1749225854873657,294.1366373697917,0.2775055766105652,0.24136370420455933,0.02571847103536129,1.1641324758529663,285.0578918457031,5e-05,3.187211454000135,0.2775055766105652
161,0.2800326148668925,0.24336824814478555,0.02629467472434044,1.1758517424265544,296.12164306640625,0.27830448746681213,0.24211834371089935,0.025690292939543724,1.167049765586853,286.2622985839844,5e-05,3.358780561000458,0.2775055766105652
162,0.27957730491956073,0.2429226835568746,0.026283791288733482,1.1756364107131958,297.84046427408856,0.27861306071281433,0.24214337766170502,0.025631342083215714,1.1827008724212646,287.89990234375,5e-05,3.263299644999279,0.2775055766105652
163,0.2786000768343608,0.24180213610331217,0.026172092805306118,1.1855950752894084,298.2296854654948,0.27948740124702454,0.24276618659496307,0.02572551555931568,1.1929231882095337,290.32122802734375,5e-05,3.1479413680008292,0.2775055766105652
164,0.2791782120863597,0.24220168590545654,0.02643816110988458,1.1878722111384075,301.11962890625,0.2768798768520355,0.2403140515089035,0.025679808109998703,1.1862962245941162,291.212890625,5e-05,3.3664513759995316,0.2768798768520355
165,0.2789748013019562,0.24178396662076315,0.026274540772040684,1.2026780446370442,301.9639587402344,0.27758365869522095,0.24101929366588593,0.025831760838627815,1.1824243068695068,295.97760009765625,5e-05,3.30990037400079,0.2768798768520355
166,0.2790587544441223,0.24180434147516885,0.026466643437743187,1.2010552088419597,305.4151204427083,0.27811041474342346,0.24117952585220337,0.025504793971776962,1.2089258432388306,293.368896484375,5e-05,3.2849197440009448,0.2768798768520355
167,0.278908371925354,0.24152778089046478,0.026256350179513294,1.2126213312149048,307.5394795735677,0.2760463356971741,0.23922306299209595,0.02580064721405506,1.1961480379104614,297.3914489746094,5e-05,3.3899456250001094,0.2760463356971741
168,0.2785940666993459,0.24108580748240152,0.026382585366566975,1.2158483266830444,308.86110432942706,0.2783106565475464,0.24115119874477386,0.025701109319925308,1.215444564819336,303.7320861816406,5e-05,3.3383004250008526,0.2760463356971741
169,0.2783908446629842,0.24074439207712808,0.026397962123155594,1.2223731676737468,311.3181966145833,0.2772670090198517,0.24020937085151672,0.025651006028056145,1.2116068601608276,304.04144287109375,5e-05,3.231009744000403,0.2760463356971741
170,0.278202344973882,0.24038698772589365,0.026330066844820976,1.2325166861216228,312.6585388183594,0.277492880821228,0.2401868849992752,0.025724360719323158,1.2221908569335938,306.31298828125,5e-05,3.453098124000462,0.2760463356971741
171,0.27841989199320477,0.24039193491141,0.026469717423121136,1.239654779434204,314.4168395996094,0.2763107419013977,0.23903214931488037,0.02552473358809948,1.2258108854293823,308.52032470703125,5e-05,3.401809969000169,0.2760463356971741
172,0.2778145372867584,0.2399182766675949,0.02629372167090575,1.2374707063039143,317.3070983886719,0.27813687920570374,0.24048572778701782,0.02588348649442196,1.2354698181152344,311.8717041015625,5e-05,3.2975254060002044,0.2760463356971741
173,0.27719350655873615,0.23924184342225394,0.026312205319603283,1.2397778034210205,319.8792724609375,0.2758493423461914,0.2384844571352005,0.025837834924459457,1.2222987413406372,311.0081481933594,5e-05,3.6122744090007473,0.2758493423461914
174,0.27774950861930847,0.23961449166138968,0.026533755163351696,1.2434069712956746,322.322021484375,0.2770846486091614,0.23966117203235626,0.02573009580373764,1.227921962738037,314.24969482421875,5e-05,3.2794018759996106,0.2758493423461914
175,0.2769018809000651,0.2390353282292684,0.026326486219962437,1.2351658741633098,325.8887634277344,0.2758001685142517,0.2385537028312683,0.025510037317872047,1.2245725393295288,316.0098876953125,5e-05,3.425131728001361,0.2758001685142517
176,0.2772965133190155,0.2392958402633667,0.026482258612910908,1.2379767100016277,327.08648681640625,0.27484408020973206,0.23759788274765015,0.02567312680184841,1.2204813957214355,319.6780700683594,5e-05,3.9874974009999278,0.27484408020973206
177,0.27696176369984943,0.23889277378718057,0.026356769104798634,1.2445300022761028,329.34100341796875,0.27398568391799927,0.23642529547214508,0.025958040729165077,1.229068398475647,323.05035400390625,5e-05,3.293824789001519,0.27398568391799927
178,0.27667343616485596,0.23865742981433868,0.02622313176592191,1.2452218532562256,333.3973693847656,0.27667248249053955,0.23907911777496338,0.025787491351366043,1.2349810600280762,326.9743347167969,5e-05,3.3655360940010723,0.27398568391799927
179,0.2759208679199219,0.23781301577885947,0.02630641373495261,1.2477323611577351,335.1029561360677,0.2747078239917755,0.2371046245098114,0.02558327093720436,1.2405787706375122,329.3801574707031,5e-05,3.456281429000228,0.27398568391799927
180,0.2765408257643382,0.23830783863862356,0.026289126525322597,1.2544209162394206,339.09949747721356,0.27631106972694397,0.23848280310630798,0.02588612772524357,1.2442606687545776,331.51019287109375,5e-05,3.2791337090002344,0.27398568391799927
181,0.2762030363082886,0.2380432883898417,0.026157398397723835,1.2540524403254192,340.21973673502606,0.2748079001903534,0.23702648282051086,0.02573414519429207,1.2457176446914673,334.95648193359375,5e-05,3.3898170970005594,0.27398568391799927
182,0.27602411309878033,0.23777369658152261,0.026288300131758053,1.2553139925003052,342.20208740234375,0.27668479084968567,0.2385648488998413,0.025853542611002922,1.2596594095230103,334.3679504394531,5e-05,3.3020564799990098,0.27398568391799927
183,0.27536577979723614,0.23713494340578714,0.026328520849347115,1.253328522046407,345.0627136230469,0.27470526099205017,0.23670275509357452,0.025575371459126472,1.2607414722442627,337.3737487792969,5e-05,3.1913626109999313,0.27398568391799927
184,0.27564094463984173,0.2372503528992335,0.026217553143699963,1.2640907367070515,347.29564412434894,0.27328354120254517,0.2353941798210144,0.025640107691287994,1.253466010093689,339.9693603515625,5e-05,3.594500581999455,0.27328354120254517
185,0.2749936083952586,0.236346368988355,0.026310484235485394,1.2745998700459797,348.92626953125,0.27532824873924255,0.23684360086917877,0.02578042820096016,1.2797214984893799,341.88262939453125,5e-05,3.2082127499998023,0.27328354120254517
186,0.2748333315054576,0.23619812726974487,0.02623957333465417,1.2757703860600789,352.01564534505206,0.27290043234825134,0.23466189205646515,0.025459155440330505,1.2754486799240112,339.83160400390625,5e-05,3.184761382999568,0.27290043234825134
187,0.27489935358365375,0.2360332359870275,0.026209751144051552,1.2880618969599407,352.5916748046875,0.27307021617889404,0.2344769835472107,0.025509241968393326,1.2919301986694336,341.2340393066406,5e-05,3.3858750560011686,0.27290043234825134
188,0.275111585855484,0.2359087367852529,0.02643115632236004,1.2993635336558025,354.6074625651042,0.27368825674057007,0.23493270576000214,0.025837944820523262,1.2918280363082886,342.78741455078125,5e-05,3.2397272769994743,0.27290043234825134
189,0.2746639649073283,0.23549476762612662,0.026287569974859554,1.3012713193893433,356.67750040690106,0.2742443084716797,0.23568958044052124,0.025762319564819336,1.2836780548095703,348.6943054199219,5e-05,3.240054998999767,0.27290043234825134
190,0.27495001753171283,0.23571654160817465,0.026320699602365494,1.3036562601725261,360.2509765625,0.2738896310329437,0.23532840609550476,0.025666547939181328,1.2863972187042236,350.45355224609375,5e-05,3.3584482059995935,0.27290043234825134
191,0.27516254782676697,0.23564777771631876,0.026437295600771904,1.3148059844970703,361.3277079264323,0.27477240562438965,0.235467329621315,0.025816023349761963,1.319853663444519,357.19061279296875,5e-05,3.1902392889987823,0.27290043234825134
192,0.275390883286794,0.23575871189435324,0.026423541828989983,1.321020285288493,365.55127970377606,0.2739270031452179,0.23469412326812744,0.02571810409426689,1.3186923265457153,357.67877197265625,5e-05,3.1926098210005875,0.27290043234825134
193,0.2745013435681661,0.23489307363828024,0.026379062483708065,1.3209371169408162,368.1087341308594,0.27440908551216125,0.2351297289133072,0.025772245600819588,1.3196619749069214,358.43121337890625,5e-05,3.4578125269999873,0.27290043234825134
194,0.27464080850283307,0.23507282137870789,0.026271900162100792,1.3216019471486409,372.7006327311198,0.2735324203968048,0.2341519594192505,0.025982055813074112,1.3194715976715088,363.65057373046875,5e-05,3.1826798180009064,0.27290043234825134
195,0.27427781621615094,0.23457343876361847,0.0263685155659914,1.3260060946146648,376.1200764973958,0.2729446589946747,0.23357509076595306,0.025631580501794815,1.3276891708374023,369.6861572265625,5e-05,3.233419554999273,0.27290043234825134
196,0.27439606189727783,0.23467272520065308,0.026268841077884037,1.3294456799825032,381.93944295247394,0.2726213335990906,0.23341114819049835,0.026069486513733864,1.3087712526321411,373.34521484375,5e-05,3.316620937001062,0.2726213335990906
197,0.27380605538686115,0.2339951197306315,0.026358360424637794,1.3315876722335815,386.8042704264323,0.2733987271785736,0.23390381038188934,0.025691848248243332,1.3324495553970337,377.53863525390625,5e-05,3.1550312800009124,0.2726213335990906
198,0.2731839021046956,0.233401487270991,0.026241127401590347,1.3330932060877483,388.2848205566406,0.2735193371772766,0.23398078978061676,0.025733543559908867,1.3335886001586914,380.34552001953125,5e-05,3.450117794000107,0.2726213335990906
199,0.27398020029067993,0.23398266235987344,0.02636797974507014,1.340677817662557,390.80589803059894,0.27162978053092957,0.23227420449256897,0.02571355178952217,1.3249399662017822,381.50531005859375,5e-05,3.341645800999686,0.27162978053092957
200,0.27322174112002057,0.2332997421423594,0.02619248256087303,1.341287652651469,394.00539143880206,0.27318063378334045,0.23337747156620026,0.025862449780106544,1.3435970544815063,386.7818908691406,5e-05,3.2988456270013558,0.27162978053092957
201,0.2730051577091217,0.23301789164543152,0.02628614070514838,1.342210054397583,397.9090576171875,0.27444377541542053,0.23435552418231964,0.02584999054670334,1.3581622838974,388.0907897949219,5e-05,3.7169619700016483,0.27162978053092957
202,0.2724583148956299,0.23235377172629038,0.026260436202088993,1.3487159808476765,401.07529703776044,0.27210456132888794,0.23214298486709595,0.025805993005633354,1.352929949760437,394.34881591796875,5e-05,3.233548741998675,0.27162978053092957
203,0.27264493703842163,0.23238090674082437,0.026200496902068455,1.358189066251119,403.77415974934894,0.270988404750824,0.2311573475599289,0.02563229203224182,1.3507462739944458,400.6043395996094,5e-05,3.2306163320008636,0.270988404750824
204,0.27210110425949097,0.23183071116606394,0.026138701165715855,1.3600521087646484,407.84814453125,0.27252259850502014,0.2322814166545868,0.025667734444141388,1.3703662157058716,401.67340087890625,5e-05,3.3386523259996466,0.270988404750824
205,0.2726382613182068,0.23214811583360037,0.026268810654679935,1.3677868843078613,408.76146443684894,0.27090975642204285,0.23095542192459106,0.02567957527935505,1.3557265996932983,402.9712219238281,5e-05,3.2667620930005796,0.27090975642204285
206,0.27225099007288617,0.23173091312249502,0.02623564749956131,1.3701130946477253,412.25071207682294,0.2703711986541748,0.23039524257183075,0.025401458144187927,1.3637611865997314,403.61639404296875,5e-05,3.233472668000104,0.2703711986541748
207,0.27307135860125226,0.23223358392715454,0.02631386990348498,1.3840420246124268,414.71458943684894,0.27139875292778015,0.23119306564331055,0.025671692565083504,1.3684921264648438,404.50848388671875,5e-05,3.34704684099961,0.2703711986541748
208,0.27166681488355,0.2310794343551,0.026148149743676186,1.3756650686264038,416.7101542154948,0.2723960876464844,0.2318202257156372,0.025605464354157448,1.3886569738388062,403.2314758300781,5e-05,3.244009408999773,0.2703711986541748
209,0.27166542410850525,0.23085411389668783,0.026169232403238613,1.3863346974054973,418.03175862630206,0.2707367241382599,0.22997623682022095,0.02577054314315319,1.3937602043151855,407.8270568847656,5e-05,3.337855772000694,0.2703711986541748
210,0.272365262111028,0.23125619689623514,0.026213339219490688,1.400119662284851,418.86415608723956,0.2709181606769562,0.23012925684452057,0.025709422305226326,1.39670991897583,408.1687316894531,5e-05,3.3874029660000815,0.2703711986541748
211,0.27115216851234436,0.23012320697307587,0.026213427384694416,1.3961122433344524,420.62672932942706,0.27159714698791504,0.23045474290847778,0.026026790961623192,1.4064500331878662,410.7357482910156,5e-05,3.1953459390006174,0.2703711986541748
212,0.2727479338645935,0.23134029905001322,0.026331967984636623,1.4120828708012898,421.8233642578125,0.26914989948272705,0.2284163385629654,0.025381872430443764,1.4021321535110474,409.5841979980469,5e-05,3.218258766000872,0.26914989948272705
213,0.27162258823712665,0.23027018706003824,0.026218234250942867,1.4121641715367634,424.53614298502606,0.2712182104587555,0.2303382009267807,0.02575645223259926,1.4000895023345947,411.9897766113281,5e-05,3.4653970899998967,0.26914989948272705
214,0.271868755420049,0.23021531601746878,0.02613353667159875,1.4293335278828938,426.85450236002606,0.2713301181793213,0.23001159727573395,0.025858411565423012,1.4194657802581787,412.1911926269531,5e-05,3.2054226680011197,0.26914989948272705
215,0.2722964783509572,0.23049027224381766,0.026257555931806564,1.4338713089625041,426.1702575683594,0.27123603224754333,0.22984102368354797,0.025750892236828804,1.4259774684906006,413.22454833984375,5e-05,3.3474028290002025,0.26914989948272705
216,0.2716564138730367,0.2297432820002238,0.02624887538452943,1.439434329668681,428.3108825683594,0.2724900245666504,0.23087310791015625,0.025789082050323486,1.4361191987991333,415.94158935546875,5e-05,3.477309862999391,0.26914989948272705
217,0.2717041273911794,0.22957236071427664,0.026326760028799374,1.4484193722407024,429.0761210123698,0.27188384532928467,0.2302117943763733,0.02567359246313572,1.441762089729309,420.5803527832031,5e-05,3.247494096000082,0.26914989948272705
218,0.2713860074679057,0.22923511763413748,0.026284456253051758,1.450433373451233,430.378662109375,0.2692836821079254,0.22756877541542053,0.025672664865851402,1.4439287185668945,417.47930908203125,5e-05,3.2061130559995945,0.26914989948272705
219,0.27176061272621155,0.22957417368888855,0.026223671933015186,1.4537304242451985,431.2123209635417,0.26949232816696167,0.2279883623123169,0.02545258216559887,1.4388837814331055,418.874755859375,5e-05,3.2739743720012484,0.26914989948272705
220,0.2715144058068593,0.22912695507208505,0.026354947437842686,1.4604990879694622,432.4564615885417,0.2700638473033905,0.22811201214790344,0.025670038536190987,1.4558403491973877,423.67205810546875,5e-05,3.142216121999809,0.26914989948272705
221,0.2719036340713501,0.22946994006633759,0.02614647150039673,1.468023379643758,434.71152750651044,0.270418643951416,0.22818338871002197,0.02553601935505867,1.4733617305755615,425.4000549316406,5e-05,3.1763378670002567,0.26914989948272705
222,0.2711650530497233,0.2286670058965683,0.026131611317396164,1.4716121355692546,434.38661702473956,0.2697247862815857,0.2275926023721695,0.025578269734978676,1.4671519994735718,421.3314514160156,5e-05,3.2751808920002077,0.26914989948272705
223,0.27161572376887005,0.22885799407958984,0.02619859017431736,1.4829217195510864,436.71299235026044,0.26939138770103455,0.2270413488149643,0.025516264140605927,1.47959566116333,420.4488220214844,5e-05,3.1685725130009814,0.26914989948272705
224,0.27103320757548016,0.22811135152975717,0.026206822444995243,1.490922172864278,437.5160624186198,0.2710908055305481,0.22840985655784607,0.02572266384959221,1.490981101989746,421.7185974121094,5e-05,3.129554035998808,0.26914989948272705
225,0.2709922989209493,0.22809681296348572,0.02614952251315117,1.4910361369450886,438.0778299967448,0.2723013460636139,0.2293481081724167,0.02598298154771328,1.498087763786316,424.5082702636719,2.5e-05,3.300993102000575,0.26914989948272705
226,0.2704690297444661,0.22744698822498322,0.0262045090397199,1.495989481608073,438.83055623372394,0.2697083055973053,0.22720985114574432,0.025742944329977036,1.4813488721847534,425.83941650390625,2.5e-05,3.403499690000899,0.26914989948272705
227,0.2709621687730153,0.2277896652619044,0.026325490946571033,1.5004878044128418,440.34203084309894,0.2680332064628601,0.22529609501361847,0.025793174281716347,1.4920263290405273,427.1151428222656,2.5e-05,3.2313624059988797,0.2680332064628601
228,0.27043039600054425,0.22737783193588257,0.026151298234860103,1.4988455375035603,440.66539510091144,0.270803302526474,0.22794470191001892,0.025898121297359467,1.4954769611358643,426.427490234375,2.5e-05,3.3267880140010675,0.2680332064628601
229,0.2707635164260864,0.22753949960072836,0.02622276482482751,1.505631685256958,441.7815450032552,0.2706844210624695,0.2276947796344757,0.025646548718214035,1.508318305015564,425.827880859375,2.5e-05,3.194169985001281,0.2680332064628601
230,0.27053091923395794,0.2272720436255137,0.026260829841097195,1.5064233144124348,441.21559651692706,0.26958826184272766,0.22631169855594635,0.026024404913187027,1.5132182836532593,427.9533996582031,2.5e-05,3.3395789149999473,0.2680332064628601
231,0.2708033621311188,0.22742703557014465,0.026120909800132115,1.5157933632532756,442.1641438802083,0.27100512385368347,0.22804196178913116,0.02541671320796013,1.512741208076477,431.62506103515625,2.5e-05,3.1566633160000492,0.2680332064628601
232,0.2714143594106038,0.2277923971414566,0.026380737001697224,1.521579345067342,444.01209513346356,0.26890257000923157,0.22592128813266754,0.025658870115876198,1.5075922012329102,430.8802795410156,2.5e-05,3.201512630999787,0.2680332064628601
233,0.27093981703122455,0.2273910492658615,0.02630774925152461,1.519744594891866,443.57558186848956,0.269075870513916,0.22612589597702026,0.025507299229502678,1.5098168849945068,431.1712951660156,2.5e-05,3.3486977700013085,0.2680332064628601
234,0.27035613854726154,0.2267929365237554,0.026280006393790245,1.5211598873138428,442.85130818684894,0.27050653100013733,0.22708041965961456,0.02558976598083973,1.5315614938735962,429.31298828125,2.5e-05,3.134832785999606,0.2680332064628601
235,0.27073100209236145,0.2271666576464971,0.02626932847003142,1.5214840571085613,444.1554361979167,0.2708737850189209,0.22747370600700378,0.025918642058968544,1.5220386981964111,430.1328125,2.5e-05,3.3489585780007474,0.2680332064628601
236,0.2699209650357564,0.22644093135992685,0.026130928968389828,1.5207285086313884,444.3620096842448,0.2705223560333252,0.2271626591682434,0.02566099725663662,1.5264596939086914,432.2305908203125,2.5e-05,3.499593938000544,0.2680332064628601
237,0.26982484261194867,0.22622852524121603,0.026188654204209644,1.5250997145970662,444.2671813964844,0.2678406834602356,0.2246934324502945,0.0258311964571476,1.5115824937820435,430.2684326171875,2.5e-05,3.4296999000016513,0.2678406834602356
238,0.27019594113032025,0.2263911416133245,0.026330337549249332,1.5319818655649822,443.369384765625,0.271083265542984,0.22748947143554688,0.02580942027270794,1.5344539880752563,430.2942810058594,2.5e-05,3.182247581999036,0.2678406834602356
239,0.26957306265830994,0.22599238653977713,0.02620069682598114,1.5240165789922078,444.7196858723958,0.26943477988243103,0.22631877660751343,0.025470877066254616,1.5190281867980957,426.8585510253906,2.5e-05,3.3885006540003815,0.2678406834602356
240,0.2701694369316101,0.22633592784404755,0.026304349303245544,1.5340665181477864,443.7757059733073,0.26866135001182556,0.22515259683132172,0.02561051771044731,1.5351756811141968,431.2841796875,2.5e-05,3.2715207710007235,0.2678406834602356
241,0.27055709560712177,0.22666346530119577,0.026278287793199222,1.5377246936162312,444.30284627278644,0.27074193954467773,0.2268485575914383,0.02574249915778637,1.5511059761047363,431.7539367675781,2.5e-05,3.3427755770007934,0.2678406834602356
242,0.2703895370165507,0.22654304405053458,0.026205583785971005,1.5371853907903035,443.8365173339844,0.27151376008987427,0.2277638465166092,0.025906488299369812,1.539833903312683,431.4335021972656,2.5e-05,3.289679886000158,0.2678406834602356
243,0.27006088693936664,0.2261622498432795,0.026081862548987072,1.542885462443034,443.5594991048177,0.26922041177749634,0.22570617496967316,0.02544502541422844,1.5395859479904175,432.4664306640625,2.5e-05,3.293178854000871,0.2678406834602356
244,0.27098273237546283,0.22685984273751578,0.02619222365319729,1.5513393084208171,443.2459716796875,0.26928356289863586,0.22578760981559753,0.025786638259887695,1.5301324129104614,431.0014953613281,2.5e-05,3.187892286998249,0.2678406834602356
245,0.270127276579539,0.22600524624188742,0.026217155779401462,1.5506728887557983,442.8924967447917,0.2706434428691864,0.2268110066652298,0.025658272206783295,1.5501645803451538,428.5699157714844,2.5e-05,3.4240825470005802,0.2678406834602356
246,0.2707048753897349,0.22629108528296152,0.02629365213215351,1.5633483330408733,442.86090087890625,0.2681165337562561,0.22437414526939392,0.025772545486688614,1.5428062677383423,428.82952880859375,2.5e-05,3.237239571999453,0.2678406834602356
247,0.27055208881696063,0.2262420505285263,0.026250692705313366,1.559234340985616,441.9685974121094,0.2702138125896454,0.2261219173669815,0.02581828460097313,1.5591380596160889,429.943359375,2.5e-05,3.177968346999478,0.2678406834602356
248,0.27014313141504925,0.22579250236352286,0.02618263227244218,1.5629651546478271,441.6378580729167,0.2701558768749237,0.22571517527103424,0.025900114327669144,1.5745315551757812,427.0965576171875,2.5e-05,3.3160944190003647,0.2678406834602356
249,0.2700381775697072,0.2256245215733846,0.02618834376335144,1.5659740368525188,442.3365987141927,0.26953601837158203,0.225226491689682,0.02581709250807762,1.5700483322143555,425.2564697265625,2.5e-05,3.1377408309999737,0.2678406834602356
250,0.27051616708437604,0.22586177289485931,0.026365591833988827,1.5735796292622883,441.07891845703125,0.27096784114837646,0.22635746002197266,0.025796707719564438,1.5856009721755981,427.7200012207031,1.25e-05,3.2011684179997246,0.2678406834602356
251,0.27050243814786273,0.2258823662996292,0.026182865723967552,1.5764320691426594,441.0467224121094,0.2690996825695038,0.2250080704689026,0.02556699514389038,1.565406084060669,428.1438293457031,1.25e-05,3.531562815000143,0.2678406834602356
252,0.2698683838049571,0.2253075142701467,0.02616143474976222,1.5740071932474773,440.4354248046875,0.2702408730983734,0.2259960174560547,0.025823280215263367,1.5666608810424805,426.8072814941406,1.25e-05,3.2019503730007273,0.2678406834602356
253,0.2696748773256938,0.22514602541923523,0.026093014205495518,1.5741167068481445,440.2603759765625,0.26882222294807434,0.22441421449184418,0.025775905698537827,1.5760027170181274,423.8988037109375,1.25e-05,3.177466363000349,0.2678406834602356
254,0.27004576722780865,0.22544116278489432,0.02620186780889829,1.5751831928888957,439.51915486653644,0.2682810425758362,0.22397756576538086,0.025628244504332542,1.5744675397872925,426.1040954589844,1.25e-05,3.372370614999454,0.2678406834602356
255,0.2700088322162628,0.22530959049860635,0.026260717461506527,1.5784437656402588,439.5211893717448,0.26886141300201416,0.22455629706382751,0.02584647759795189,1.5690940618515015,426.4036865234375,1.25e-05,3.153314331000729,0.2678406834602356
256,0.270116666952769,0.2253875434398651,0.02627425268292427,1.5796002944310505,438.8802795410156,0.2701561450958252,0.22569040954113007,0.025559155270457268,1.584307074546814,424.9625244140625,1.25e-05,3.1423732040002506,0.2678406834602356
257,0.2704339822133382,0.2256508469581604,0.026198849081993103,1.5841856797536213,438.6976623535156,0.2699142098426819,0.22542691230773926,0.025769615545868874,1.5801242589950562,422.53759765625,1.25e-05,3.4372675439990417,0.2678406834602356
258,0.2702518701553345,0.22539328535397848,0.026300712178150814,1.5854115883509319,437.8683268229167,0.27027004957199097,0.22572416067123413,0.02563638985157013,1.5863851308822632,421.9516906738281,1.25e-05,3.315147920000527,0.2678406834602356
259,0.26949578523635864,0.2248038947582245,0.026148227974772453,1.5808889865875244,435.81883748372394,0.26919037103652954,0.22473596036434174,0.025457367300987244,1.5862860679626465,420.8708190917969,1.25e-05,3.2860901040003228,0.2678406834602356
260,0.2699631651242574,0.22507521510124207,0.026295237864057224,1.587016503016154,436.9591471354167,0.26887086033821106,0.22432924807071686,0.025757156312465668,1.58315110206604,423.9392395019531,1.25e-05,3.2180553739999596,0.2678406834602356
261,0.27061500151952106,0.22560301423072815,0.02627352314690749,1.5937612454096477,437.4680684407552,0.26888203620910645,0.22437718510627747,0.025654660537838936,1.5838754177093506,422.5223083496094,1.25e-05,3.163595666999754,0.2678406834602356
262,0.2700413664182027,0.22510694960753122,0.026241212462385494,1.5906901359558105,436.20395914713544,0.2699970602989197,0.22515369951725006,0.025853367522358894,1.595833659172058,424.8304443359375,1.25e-05,3.3263916709984187,0.2678406834602356
263,0.2697846194108327,0.22495205700397491,0.026126014689604442,1.5884781678517659,435.89194742838544,0.2704582214355469,0.22571708261966705,0.02584284171462059,1.5909864902496338,423.3172607421875,1.25e-05,3.255338152999684,0.2678406834602356
264,0.2697560687859853,0.22480312486489615,0.026184486225247383,1.5930347442626953,434.60223388671875,0.269515722990036,0.22477392852306366,0.025830283761024475,1.5913324356079102,419.9224548339844,1.25e-05,3.1671609519999038,0.2678406834602356
265,0.26928721865018207,0.22437846660614014,0.026117736473679543,1.5924947261810303,434.5804850260417,0.2696759104728699,0.22488345205783844,0.025468185544013977,1.6029183864593506,417.34674072265625,6.25e-06,3.3581753470007243,0.2678406834602356
266,0.269133339325587,0.22421962519486746,0.02610730566084385,1.593003511428833,434.5906270345052,0.2684183418750763,0.22368879616260529,0.025842223316431046,1.5904220342636108,418.50238037109375,6.25e-06,3.159797949998392,0.2678406834602356
267,0.2698556184768677,0.22468924025694528,0.02636481635272503,1.5991991360982258,433.42413330078125,0.26994869112968445,0.22492408752441406,0.025831835344433784,1.6054340600967407,416.88330078125,6.25e-06,3.3069024619999254,0.2678406834602356
268,0.2705063025156657,0.22514004508654276,0.026406938831011455,1.6081389983495076,432.6396484375,0.268058180809021,0.2231772541999817,0.025764180347323418,1.599941372871399,417.88861083984375,6.25e-06,3.3234588310006075,0.2678406834602356
269,0.2704522709051768,0.22520872950553894,0.026390472427010536,1.602415641148885,432.8722432454427,0.2692931592464447,0.22428807616233826,0.025546835735440254,1.6115835905075073,418.4413146972656,6.25e-06,3.203539416001149,0.2678406834602356
270,0.2694416542847951,0.22436935702959696,0.026192786172032356,1.5987950960795085,431.60882568359375,0.2700357735157013,0.22501492500305176,0.026062428951263428,1.5994815826416016,419.4063720703125,6.25e-06,3.282241838000118,0.2678406834602356
271,0.26970356702804565,0.22461937367916107,0.026206664741039276,1.5990423758824666,431.6427510579427,0.2685488164424896,0.22395020723342896,0.025638123974204063,1.5889776945114136,417.58502197265625,6.25e-06,3.4577140740002505,0.2678406834602356
272,0.26968369881312054,0.22456300258636475,0.026258821909626324,1.5995640754699707,430.8468424479167,0.2687782943248749,0.22390738129615784,0.025937138125300407,1.5951173305511475,417.1587219238281,6.25e-06,3.1153234759985935,0.2678406834602356
273,0.270055095354716,0.22495224078496298,0.026118313893675804,1.6021843353907268,429.9261067708333,0.2692987322807312,0.22449935972690582,0.025487827137112617,1.6027730703353882,414.4041442871094,6.25e-06,3.1844601049997436,0.2678406834602356
274,0.2698723574479421,0.22466020782788595,0.026137450709939003,1.6071710586547852,429.2122395833333,0.26928722858428955,0.224485382437706,0.02553459070622921,1.601727843284607,416.32611083984375,6.25e-06,3.346044525000252,0.2678406834602356
275,0.2696785628795624,0.22444242238998413,0.026210105667511623,1.6065541903177898,428.9687194824219,0.2693558931350708,0.22452962398529053,0.02574232965707779,1.597754716873169,414.5460205078125,6.25e-06,3.219415837998895,0.2678406834602356
276,0.26976736386617023,0.22454351683457693,0.026229053735733032,1.6054658889770508,428.4775695800781,0.2700995206832886,0.22483664751052856,0.025895435363054276,1.6157574653625488,412.8828125,6.25e-06,3.375559410000278,0.2678406834602356
277,0.268955796957016,0.22384203473726907,0.026129213472207386,1.6024575630823772,427.9078877766927,0.2695724070072174,0.22461289167404175,0.025417739525437355,1.6125319004058838,414.1947326660156,6.25e-06,3.2746955420007,0.2678406834602356
278,0.26991988221804303,0.22470122575759888,0.026155317823092144,1.6070491870244343,427.27813720703125,0.27042537927627563,0.2251640260219574,0.025697005912661552,1.6206421852111816,412.7495422363281,6.25e-06,3.1482352370003355,0.2678406834602356
279,0.2694278657436371,0.22419353326161703,0.02613492247958978,1.608343243598938,426.6542256673177,0.2692674696445465,0.22416186332702637,0.025567714124917984,1.6160880327224731,406.96844482421875,6.25e-06,3.2419427589993575,0.2678406834602356
280,0.26958344380060834,0.2243324319521586,0.026222415268421173,1.6069904565811157,425.5867614746094,0.27086517214775085,0.2256375104188919,0.02577042207121849,1.617122769355774,410.69775390625,3.125e-06,3.458706075000009,0.2678406834602356
281,0.2699565688769023,0.22457895676294962,0.026307554294665653,1.6111917893091838,425.50372314453125,0.2704128921031952,0.2252725213766098,0.02552737295627594,1.6188342571258545,408.82611083984375,3.125e-06,3.177794504999838,0.2678406834602356
282,0.2697954575220744,0.22455576062202454,0.026093969742457073,1.6096359093983967,425.3341573079427,0.2686109244823456,0.2238902747631073,0.0253128819167614,1.603210210800171,410.0367736816406,3.125e-06,3.246781188001478,0.2678406834602356
283,0.26966091990470886,0.22424442072709402,0.02628684478501479,1.6136539777119954,423.96689860026044,0.27046576142311096,0.22502416372299194,0.02562984637916088,1.6313340663909912,410.5538635253906,3.125e-06,3.4027539840008103,0.2678406834602356
284,0.26976914207140607,0.22435179352760315,0.026333901410301525,1.612519900004069,424.2418518066406,0.26859337091445923,0.22376605868339539,0.025503167882561684,1.6037862300872803,409.21466064453125,3.125e-06,3.2277873330003786,0.2678406834602356
285,0.2704285184542338,0.22488027811050415,0.026309284071127575,1.6196796496709187,423.59088134765625,0.269817054271698,0.22450292110443115,0.0254192091524601,1.630226969718933,410.7992248535156,3.125e-06,3.2867242280008213,0.2678406834602356
286,0.26971836884816486,0.22442240516344705,0.026207297419508297,1.609615683555603,422.36707560221356,0.2699849009513855,0.22490738332271576,0.02562699094414711,1.6132010221481323,410.1529235839844,3.125e-06,3.3420997000011994,0.2678406834602356
287,0.27002689242362976,0.2247049262126287,0.026246174549063046,1.609943946202596,421.45008341471356,0.2705467939376831,0.22545719146728516,0.025482933968305588,1.6174077987670898,405.26025390625,3.125e-06,3.202584910999576,0.2678406834602356
288,0.2697327733039856,0.2244017074505488,0.02610957808792591,1.6138139168421428,421.3245035807292,0.2686379551887512,0.22380849719047546,0.025736499577760696,1.5980604887008667,405.7508239746094,3.125e-06,3.3965269860000262,0.2678406834602356
289,0.2707311113675435,0.22524943947792053,0.02623870161672433,1.618116815884908,420.7796223958333,0.26854047179222107,0.22342398762702942,0.02551558054983616,1.6179351806640625,408.55230712890625,3.125e-06,3.2647722999990947,0.2678406834602356
290,0.27020280559857685,0.22461352248986563,0.02623387612402439,1.6236173709233601,419.8461405436198,0.27142399549484253,0.22597622871398926,0.02578088268637657,1.6278669834136963,407.2753601074219,3.125e-06,3.235294319998502,0.2678406834602356
291,0.27001091837882996,0.22459215919176737,0.026266764849424362,1.6142690579096477,420.35418701171875,0.269680380821228,0.22472138702869415,0.025667082518339157,1.60627281665802,405.1016540527344,3.125e-06,3.3420943250002892,0.2678406834602356
292,0.2705017526944478,0.2248698522647222,0.02634412857393424,1.6229918003082275,420.11944580078125,0.2707979679107666,0.22551067173480988,0.02545633725821972,1.6279562711715698,404.65606689453125,3.125e-06,3.189271085000655,0.2678406834602356
293,0.269400159517924,0.22400297224521637,0.0261596217751503,1.6158685684204102,419.4037577311198,0.2708280086517334,0.2255767583847046,0.02577720582485199,1.6181323528289795,404.5661315917969,3.125e-06,3.1430575499998668,0.2678406834602356
294,0.2702075739701589,0.2247551679611206,0.02615733879307906,1.6186871925989788,418.6997477213542,0.2687348425388336,0.22347167134284973,0.025586599484086037,1.6234939098358154,401.98956298828125,3.125e-06,3.431620147001013,0.2678406834602356
295,0.2698826293150584,0.22441041469573975,0.02621312066912651,1.6182830731074016,417.81992594401044,0.27094560861587524,0.22548387944698334,0.025681057944893837,1.6310597658157349,401.89776611328125,1.5625e-06,3.2282485520008777,0.2678406834602356
296,0.270683616399765,0.22512750824292502,0.026300877332687378,1.6202834049860637,417.9258219401042,0.2684590816497803,0.22324049472808838,0.02528207376599312,1.6288765668869019,400.15838623046875,1.5625e-06,3.243641479000871,0.2678406834602356
297,0.2695551812648773,0.2241308093070984,0.026027704899509747,1.6205262343088787,417.1140645345052,0.26952841877937317,0.2242153137922287,0.02566487528383732,1.6240341663360596,402.561767578125,1.5625e-06,3.3930643450003117,0.2678406834602356
298,0.26976656913757324,0.224291721979777,0.026192599286635716,1.6189273993174236,417.1171875,0.2700883150100708,0.2246151566505432,0.025549281388521194,1.6349260807037354,403.1119079589844,1.5625e-06,3.2414447570008633,0.2678406834602356
299,0.26973889271418255,0.22431469957033792,0.026116499677300453,1.6182969411214192,416.3922932942708,0.2687850594520569,0.22357912361621857,0.025736581534147263,1.6168818473815918,402.5677185058594,1.5625e-06,3.2447599900006026,0.2678406834602356
300,0.270122230052948,0.2245144248008728,0.026229309539000194,1.6246577501296997,415.66346232096356,0.2693396806716919,0.2238742858171463,0.025775810703635216,1.6288747787475586,399.20391845703125,1.5625e-06,3.3751510870006314,0.2678406834602356
301,0.27001672983169556,0.22449302673339844,0.026291832327842712,1.6188891728719075,414.6202901204427,0.2701842188835144,0.2247859388589859,0.02589750476181507,1.6224766969680786,399.2374267578125,1.5625e-06,3.465610363000451,0.2678406834602356
302,0.269886980454127,0.22447142004966736,0.026251693566640217,1.6144859790802002,413.50426228841144,0.2703067660331726,0.2247447520494461,0.026002230122685432,1.6280450820922852,400.31219482421875,1.5625e-06,3.1797445339998376,0.2678406834602356
303,0.2694988250732422,0.224160502354304,0.026143860071897507,1.613319754600525,413.70301310221356,0.2694254517555237,0.22385327517986298,0.025873325765132904,1.6317753791809082,399.697265625,1.5625e-06,3.3719510049995733,0.2678406834602356
304,0.2703718841075897,0.22464798390865326,0.02640857920050621,1.625980297724406,413.4733581542969,0.26906895637512207,0.22381824254989624,0.025971846655011177,1.6132391691207886,398.5965881347656,1.5625e-06,3.2036633230000007,0.2678406834602356
305,0.2704087793827057,0.22469988465309143,0.026372261966268223,1.62613844871521,413.93251546223956,0.2714487314224243,0.22568757832050323,0.02576899528503418,1.6438323259353638,400.04217529296875,1.5625e-06,3.251513089000582,0.2678406834602356
306,0.26994722088177997,0.22454906006654105,0.026095443094770115,1.6175225575764973,412.47535196940106,0.2699941396713257,0.224654883146286,0.025742465630173683,1.623401403427124,396.10675048828125,1.5625e-06,3.3890554629997496,0.2678406834602356
307,0.2703946828842163,0.22494868437449136,0.026201457406083744,1.617262840270996,412.95985921223956,0.27240586280822754,0.22689877450466156,0.025626512244343758,1.6346912384033203,396.9878845214844,1.5625e-06,3.2771323730012227,0.2678406834602356
308,0.2704864243666331,0.22487246493498483,0.026320843646923702,1.6226767698923747,411.6288248697917,0.27002906799316406,0.22467041015625,0.02564660832285881,1.6267673969268799,397.1776428222656,1.5625e-06,3.2123673250007414,0.2678406834602356
309,0.2703882654507955,0.22478977839152017,0.026220712810754776,1.624406377474467,410.92148844401044,0.2702246904373169,0.22491762042045593,0.025538921356201172,1.6268798112869263,399.4543151855469,1.5625e-06,3.31338810500165,0.2678406834602356
310,0.27044395605723065,0.22492881615956625,0.026231478278835613,1.6199701229731243,411.61440022786456,0.2692384123802185,0.22420403361320496,0.02557610534131527,1.6123162508010864,397.6730041503906,1e-06,3.214528127000449,0.2678406834602356
311,0.27034176389376324,0.2247300942738851,0.02622401590148608,1.6249833504358928,410.3815104166667,0.2687346935272217,0.2234397828578949,0.025673238560557365,1.6229151487350464,394.0766296386719,1e-06,3.192370717000813,0.2678406834602356
312,0.2705479562282562,0.22486290335655212,0.026354091862837475,1.6254008213678997,409.87257893880206,0.2688758373260498,0.22363312542438507,0.02586398646235466,1.6155365705490112,397.9659118652344,1e-06,3.2931318820010347,0.2678406834602356
