optimizer,epoch,train_loss,train_recon,train_vel,train_commit,train_perplexity,val_loss,val_recon,val_vel,val_commit,val_perplexity,epoch_sec,profile
adamw,1,0.40800007184346515,0.39443011085192364,0.027097512657443684,0.0010599428205750883,135.95335133870444,0.40230146050453186,0.3892168402671814,0.02613695338368416,0.0008075226796790957,21.74763298034668,6.250057854999795,full
adamw,2,0.4061349232991536,0.3926200866699219,0.026975761478145916,0.0013478759210556746,15.024789810180664,0.4036547839641571,0.390440970659256,0.026274463161826134,0.0038301728200167418,10.185874938964844,3.0701123859998916,full
adamw,3,0.40417908628781635,0.3905733625094096,0.027020400390028954,0.0047763048981626826,13.86532211303711,0.39835163950920105,0.3851534426212311,0.02626010775566101,0.0034077325835824013,21.368539810180664,3.2951762760003476,full
adamw,4,0.39804933468500775,0.3844376504421234,0.02706769232948621,0.003891882641861836,22.314364115397137,0.39268583059310913,0.37925249338150024,0.026507288217544556,0.0089858528226614,18.036413192749023,2.9861354049999136,full
adamw,5,0.39085596799850464,0.377096563577652,0.02698710560798645,0.013292557870348295,16.621675491333008,0.38215750455856323,0.3685649335384369,0.026751309633255005,0.010844825766980648,25.98653221130371,3.1309189030007474,full
adamw,6,0.3806200126806895,0.3668101926644643,0.02702491357922554,0.014867582047979036,27.63578923543294,0.3719515800476074,0.35867539048194885,0.02623053267598152,0.008046788163483143,44.576385498046875,3.3367071009997744,full
adamw,7,0.3739120364189148,0.36021236578623456,0.027046140904227894,0.00883008741463224,48.70785395304362,0.3720256984233856,0.3587246239185333,0.026322655379772186,0.006986414548009634,55.114654541015625,3.062571256999945,full
adamw,8,0.3713080883026123,0.35749927163124084,0.027221446856856346,0.009904558149476847,56.258191426595054,0.3678928315639496,0.3546661138534546,0.026142477989196777,0.007774215657263994,67.03497314453125,3.2123502360000202,full
adamw,9,0.36856262882550556,0.35488306482632953,0.027044333517551422,0.00787001041074594,69.69507598876953,0.36548957228660583,0.3521376848220825,0.026350827887654305,0.00882302038371563,73.07112884521484,3.404762447000394,full
adamw,10,0.3644007742404938,0.35062800844510394,0.02701520174741745,0.013258731923997402,73.14558410644531,0.3615036904811859,0.34788158535957336,0.0265415757894516,0.0175661351531744,70.17022705078125,3.117395874999602,full
adamw,11,0.3593513071537018,0.3455076615015666,0.026961699749032658,0.01814027006427447,68.96573638916016,0.356107234954834,0.34253013134002686,0.026407362893223763,0.018670760095119476,63.96671676635742,3.258125024999572,full
adamw,12,0.3553333083788554,0.34119375546773273,0.0270594817896684,0.030490592122077942,60.51717631022135,0.3554036319255829,0.3413817584514618,0.02671242319047451,0.033282842487096786,67.03350067138672,3.0966091359996426,full
adamw,13,0.352841854095459,0.33884822328885394,0.026969654485583305,0.025439991305271786,68.78328450520833,0.3484722673892975,0.3350764811038971,0.026069270446896553,0.01805706135928631,78.99554443359375,3.0981262689992946,full
adamw,14,0.3475937048594157,0.33362919092178345,0.027018745119373005,0.022756994391481083,81.47350056966145,0.34358322620391846,0.32999905943870544,0.026258958503603935,0.022733962163329124,86.45964050292969,3.412242055999741,full
adamw,15,0.3432861864566803,0.3291264474391937,0.027221369246641796,0.027453286573290825,86.47196451822917,0.34030458331108093,0.32677942514419556,0.026094738394021988,0.023888932541012764,85.2646713256836,3.064525017000051,full
adamw,16,0.3410522937774658,0.3270951410134633,0.026860881596803665,0.026335811863342922,87.2774175008138,0.3389953672885895,0.32517459988594055,0.026625551283359528,0.025398317724466324,94.16923522949219,3.0197821780002414,full
adamw,17,0.33867838978767395,0.32473500569661456,0.026886099949479103,0.02501721183458964,97.19249979654948,0.3387821912765503,0.3252335786819458,0.026284871622920036,0.020308343693614006,110.18347930908203,3.178950264999912,full
adamw,18,0.33767566084861755,0.3237617115179698,0.02689521387219429,0.023316775759061176,108.57404327392578,0.33888599276542664,0.3253012001514435,0.026254139840602875,0.022885994985699654,110.09388732910156,3.4265176649996647,full
adamw,19,0.33659570415814716,0.32261893153190613,0.026972147946556408,0.02453516920407613,109.40011088053386,0.3366927206516266,0.32285618782043457,0.026751557365059853,0.02303752675652504,113.03827667236328,3.0177008950004165,full
adamw,20,0.3350679079691569,0.3211132287979126,0.02688557965060075,0.025594670325517654,111.36768849690755,0.3346952795982361,0.32095712423324585,0.026339171454310417,0.02842898666858673,111.58999633789062,3.429342219999853,full
adamw,21,0.3344617585341136,0.32028095920880634,0.026959205667177837,0.03505962466200193,109.380615234375,0.33359667658805847,0.31968072056770325,0.026338567957282066,0.03733327239751816,110.32685089111328,3.19492729600006,full
adamw,22,0.3340921898682912,0.3199766178925832,0.026874855781594913,0.033907451977332435,118.08206939697266,0.33362603187561035,0.31993725895881653,0.026350894942879677,0.025666214525699615,135.0877227783203,3.0904322180003874,full
adamw,23,0.3337326943874359,0.3197263876597087,0.02689597321053346,0.027915901814897854,135.4525146484375,0.334034264087677,0.3203105628490448,0.026338985189795494,0.02770967409014702,139.3994598388672,3.3304210699998293,full
adamw,24,0.332919309536616,0.3187746504942576,0.026926738520463307,0.03406516214211782,132.8802286783854,0.33431366086006165,0.32060858607292175,0.026074130088090897,0.03340033069252968,137.87969970703125,3.14169970400053,full
adamw,25,0.331981082757314,0.3177575965722402,0.026980347310503323,0.03666544829805692,138.94727579752603,0.33036524057388306,0.31665122509002686,0.026219597086310387,0.03021027334034443,149.21885681152344,3.16219093699965,full
adamw,26,0.3307391007741292,0.3166779577732086,0.026815840353568394,0.032661462823549904,147.86761474609375,0.3304116725921631,0.3166916072368622,0.026155998930335045,0.032103389501571655,153.00912475585938,3.1402143630002683,full
adamw,27,0.3304482003053029,0.31618566314379376,0.026991928617159527,0.03832870970169703,149.04365030924478,0.32897520065307617,0.31528669595718384,0.02601741999387741,0.03398986905813217,156.82162475585938,3.4272186109992617,full
adamw,28,0.3297402858734131,0.3156026204427083,0.026824285586675007,0.036275954296191536,155.5317179361979,0.329054594039917,0.31516507267951965,0.02637849748134613,0.035012584179639816,164.0894012451172,3.451949023000452,full
adamw,29,0.3286725382010142,0.3144547641277313,0.026926024506489437,0.03773806865016619,160.6898193359375,0.3284285068511963,0.31468862295150757,0.026005322113633156,0.036861028522253036,165.4983367919922,3.347239114000331,full
adamw,30,0.3280940353870392,0.31393304467201233,0.026792824889222782,0.038229177395502724,165.56920878092447,0.32791876792907715,0.31421327590942383,0.02599714882671833,0.035345904529094696,170.9230499267578,3.2118085720003364,full
adamw,31,0.32679786284764606,0.31261013944943744,0.026805561035871506,0.03924716139833132,167.36781311035156,0.3280928134918213,0.3140185475349426,0.026621894910931587,0.03816651552915573,171.38905334472656,3.288696274999893,full
adamw,32,0.32735608021418255,0.31305450201034546,0.026879430438081425,0.0430927537381649,166.0471394856771,0.3274233043193817,0.3135809004306793,0.026035549119114876,0.04123159125447273,168.92608642578125,3.3339226560001407,full
adamw,33,0.32709898551305133,0.3128133714199066,0.02678844767312209,0.04457000022133192,166.84443155924478,0.32600995898246765,0.3119313418865204,0.02640260010957718,0.04386617988348007,167.4935760498047,3.3086632909999025,full
adamw,34,0.3259972035884857,0.31163735191027325,0.026786627247929573,0.04832696666320165,166.1554209391276,0.3254859447479248,0.3115166425704956,0.026137910783290863,0.045018330216407776,172.73846435546875,3.187071501999526,full
adamw,35,0.3265416423479716,0.31211672226587933,0.02685057247678439,0.04998143513997396,167.3801727294922,0.32456010580062866,0.31064844131469727,0.025970131158828735,0.04633106291294098,171.63572692871094,3.572859316999711,full
adamw,36,0.3253523310025533,0.3109203676382701,0.0267763106773297,0.052190293868382774,170.3253631591797,0.3243895471096039,0.31033027172088623,0.026178870350122452,0.04849111661314964,174.99606323242188,3.5839780140004223,full
adamw,37,0.3249335785706838,0.31032808621724445,0.02695709963639577,0.05634695664048195,170.3722381591797,0.32377302646636963,0.3095846176147461,0.026203330606222153,0.054336920380592346,175.04379272460938,3.4525088139998843,full
adamw,38,0.3245814045270284,0.3100395202636719,0.026744831974307697,0.05847380682826042,170.14720662434897,0.32525455951690674,0.3109462559223175,0.026506366208195686,0.05275585502386093,174.78775024414062,3.6095684459996846,full
adamw,39,0.3245920141537984,0.3100144366423289,0.026813726872205734,0.05853598937392235,173.45699055989584,0.32457441091537476,0.3102523982524872,0.026356564834713936,0.057185620069503784,172.83058166503906,3.1888973160002934,full
adamw,40,0.32340290149052936,0.30881089965502423,0.02668177584807078,0.0625555415948232,170.06099446614584,0.3241056203842163,0.3096589744091034,0.026279205456376076,0.06535258144140244,163.45639038085938,3.5552127460005067,full
adamw,41,0.32320807377497357,0.3082980712254842,0.026750603690743446,0.07673510412375133,156.81281534830728,0.3213745653629303,0.3066963851451874,0.026053469628095627,0.08257168531417847,150.51861572265625,3.558009960000163,full
adamw,42,0.3228181501229604,0.3076498508453369,0.02661283810933431,0.09309372554222743,143.98370361328125,0.3227187395095825,0.30756479501724243,0.026130573824048042,0.104433573782444,139.7903289794922,3.3233022489994255,full
adamw,43,0.3224891523520152,0.30674078067143756,0.02670910085241,0.11969144642353058,130.30240631103516,0.3211950659751892,0.30539825558662415,0.026295509189367294,0.13245369493961334,120.48599243164062,3.539870401999906,full
adamw,44,0.3223246932029724,0.3058196206887563,0.026823657254378002,0.15466212232907614,117.13072458902995,0.32190415263175964,0.30521395802497864,0.02642727456986904,0.17382743954658508,108.3651351928711,3.713557688000037,full
adamw,45,0.3230682114760081,0.3058501183986664,0.026758211975296337,0.19194885591665903,107.73417154947917,0.31961655616760254,0.3029648959636688,0.02616284042596817,0.17851176857948303,117.07273864746094,3.869579545000306,full
adamw,46,0.32130245367685956,0.3040274381637573,0.026617860421538353,0.1983043203751246,115.00615692138672,0.3197232782840729,0.30265891551971436,0.026224985718727112,0.19759373366832733,110.0125961303711,3.4760224080000626,full
adamw,47,0.3217636048793793,0.30409645040829975,0.026757240295410156,0.2144265721241633,114.00586191813152,0.3185740113258362,0.30173125863075256,0.02608868107199669,0.18992170691490173,114.56936645507812,3.8410257820005427,full
adamw,48,0.32010506590207416,0.30251047015190125,0.026837393020590145,0.20879504084587097,119.83345794677734,0.3181115984916687,0.3012896478176117,0.026412280276417732,0.18078908324241638,117.8115005493164,4.061171911000201,full
adamw,49,0.31796061992645264,0.3008014460404714,0.026672641436258953,0.19114207724730173,125.83403015136719,0.3164345622062683,0.3000200092792511,0.026047900319099426,0.16953124105930328,129.49937438964844,3.639087625000684,full
adamw,50,0.316288689772288,0.2993551989396413,0.02670903628071149,0.17894905805587769,134.18798319498697,0.3136208951473236,0.2973073124885559,0.026123052462935448,0.1626022905111313,139.6232452392578,4.190294755999275,full
adamw,51,0.31560489535331726,0.29869141181310016,0.026777215922872227,0.1762438714504242,141.19522603352866,0.31384462118148804,0.29735225439071655,0.026369869709014893,0.1653708666563034,139.79612731933594,3.5797111760002736,full
adamw,52,0.31375308831532794,0.2968658407529195,0.02669355769952138,0.17702355484167734,144.54874165852866,0.3119117021560669,0.2955913841724396,0.0257974062114954,0.17107951641082764,142.90513610839844,3.550584427999638,full
adamw,53,0.3130059838294983,0.2960267464319865,0.02666473078231017,0.18234422306219736,146.4324493408203,0.31237685680389404,0.29554933309555054,0.026269730180501938,0.18463288247585297,143.1871795654297,4.127079531999698,full
adamw,54,0.31216444571812946,0.2948827346165975,0.026689860969781876,0.19683885077635446,148.72209676106772,0.31141263246536255,0.2946016490459442,0.025986259803175926,0.1908934861421585,148.3900146484375,3.9735255450004843,full
adamw,55,0.31169406572977704,0.2943850060304006,0.026614888881643612,0.2000816414753596,151.93276977539062,0.3119101822376251,0.2950464189052582,0.02618672139942646,0.18852047622203827,156.4569854736328,3.712402467999709,full
adamw,56,0.3113309641679128,0.2939814031124115,0.02679605595767498,0.19757718841234842,158.07105000813803,0.30822810530662537,0.29151418805122375,0.026192516088485718,0.1808834969997406,161.81851196289062,4.268710784000177,full
adamw,57,0.30953604976336163,0.2923704981803894,0.02654958205918471,0.19453738133112589,163.0106658935547,0.3083856403827667,0.2916197180747986,0.026162631809711456,0.18423040211200714,161.05587768554688,3.511303494999993,full
adamw,58,0.3093150556087494,0.29202958941459656,0.026652911057074864,0.19795052210489908,167.803955078125,0.30688032507896423,0.28993818163871765,0.02593419700860977,0.19875171780586243,163.9720916748047,4.232110021000153,full
adamw,59,0.30833237369855243,0.2907021939754486,0.026651141544183094,0.21523098150889078,168.04423014322916,0.3074994683265686,0.2901323437690735,0.025967122986912727,0.21917858719825745,161.280517578125,3.6666186780003045,full
adamw,60,0.30789448817571,0.2899101873238881,0.02669742579261462,0.23177984356880188,169.61268107096353,0.30651992559432983,0.2888685464859009,0.026052284985780716,0.23126140236854553,167.95968627929688,3.6786277720002545,full
adamw,61,0.3076515893141429,0.28930118680000305,0.02664759010076523,0.25133074323336285,171.1620330810547,0.30589303374290466,0.2877815067768097,0.02615806646645069,0.2516235113143921,165.70774841308594,4.278158027000245,full
adamw,62,0.3080258866151174,0.2891065180301666,0.026726870487133663,0.2777966956297557,171.20953877766928,0.30548346042633057,0.28677499294281006,0.026248937472701073,0.2792004346847534,166.41366577148438,3.509352217000014,full
adamw,63,0.3064919014771779,0.2872536579767863,0.02660384277502696,0.29681602120399475,166.86014811197916,0.3052101731300354,0.28605493903160095,0.026019493117928505,0.3072742819786072,160.86767578125,4.226578690000679,full
adamw,64,0.30658899744351703,0.2866981228192647,0.02666137305398782,0.32800933718681335,161.14068094889322,0.3063269853591919,0.28687867522239685,0.025991886854171753,0.3226190507411957,161.8083953857422,4.490633436999815,full
adamw,65,0.3061356743176778,0.2859002947807312,0.02671145958205064,0.3439829349517822,162.93304443359375,0.30460798740386963,0.2847052812576294,0.02613859809935093,0.3416706919670105,159.27798461914062,3.5601672080001663,full
adamw,66,0.30547764897346497,0.2848927279313405,0.02661287474135558,0.3639240562915802,162.8531494140625,0.30318936705589294,0.28283771872520447,0.025991257280111313,0.3678007423877716,158.7457275390625,3.787390279999272,full
adamw,67,0.30583828687667847,0.28467222054799396,0.02679588148991267,0.3884067138036092,159.2754160563151,0.30492541193962097,0.284160852432251,0.025870222598314285,0.3914729356765747,154.62033081054688,3.996926056999655,full
adamw,68,0.3051307598749797,0.2838386098543803,0.026646506662170093,0.3984448512395223,159.0818634033203,0.30433017015457153,0.2833631634712219,0.026072077453136444,0.3965483009815216,155.52044677734375,4.116427298999952,full
adamw,69,0.3029498557249705,0.2816140552361806,0.02651308539013068,0.4039626518885295,160.87328592936197,0.30210864543914795,0.28119292855262756,0.026046013459563255,0.3946351706981659,161.49815368652344,3.8481098350002867,full
adamw,70,0.3024193247159322,0.28101279338200885,0.026696893696983654,0.40290410319964093,163.9419911702474,0.29898518323898315,0.2782211899757385,0.0259251706302166,0.39007139205932617,167.80838012695312,4.068076151999776,full
adamw,71,0.3009643654028575,0.27963680028915405,0.026637952774763107,0.40042949716250104,170.71227010091147,0.30080974102020264,0.27977055311203003,0.0263680387288332,0.392758846282959,171.5426025390625,3.7607240490006006,full
adamw,72,0.30109843611717224,0.2798418700695038,0.02656102366745472,0.39880232016245526,173.60356648763022,0.3009897768497467,0.28040239214897156,0.02586762048304081,0.38267794251441956,171.47366333007812,4.3103761410002335,full
adamw,73,0.30203290780385333,0.28102118770281476,0.026579848180214565,0.38608893752098083,179.21788024902344,0.2979564070701599,0.2777460217475891,0.025649836286902428,0.369273841381073,179.14964294433594,3.827560371999425,full
adamw,74,0.29885075489679974,0.2780321439107259,0.026550352573394775,0.3771715958913167,183.9925791422526,0.297390341758728,0.2768237292766571,0.025965331122279167,0.379197895526886,176.76815795898438,4.714284733000568,full
adamw,75,0.29826820890108746,0.2773178120454152,0.026672936355074246,0.3806962768236796,186.4754180908203,0.2946515381336212,0.27420562505722046,0.025904979556798935,0.37467116117477417,178.8936309814453,3.438516406999952,full
adamw,76,0.29651546478271484,0.2757304906845093,0.026556297515829403,0.37534140547116596,186.99363708496094,0.29402095079421997,0.2733536660671234,0.026404336094856262,0.3732559382915497,186.3798828125,4.4035474409993185,full
adamw,77,0.29626861214637756,0.2753738264242808,0.026519833753506344,0.38174350063006085,189.05777486165366,0.2945865988731384,0.27394983172416687,0.025794237852096558,0.3869824707508087,187.13925170898438,3.855192130999967,full
adamw,78,0.29558218518892926,0.2745358447233836,0.02656335694094499,0.3882332146167755,191.09544372558594,0.29526835680007935,0.27423498034477234,0.026126954704523087,0.39849403500556946,190.30401611328125,3.4578384099995674,full
adamw,79,0.2949550946553548,0.27361437678337097,0.026536259800195694,0.4036298990249634,190.31241861979166,0.29266947507858276,0.2716122269630432,0.02593715488910675,0.4044343829154968,190.93792724609375,4.818380401000468,full
adamw,80,0.29409347971280414,0.27273739377657574,0.02659929171204567,0.40282179911931354,194.16659545898438,0.29214614629745483,0.27116814255714417,0.025869248434901237,0.40216851234436035,189.35494995117188,3.661756962999789,full
adamw,81,0.29355448484420776,0.2722404400507609,0.02651638848086198,0.40279244383176166,195.4734649658203,0.29355621337890625,0.272274911403656,0.026233626529574394,0.4082241356372833,190.28497314453125,4.275622870999541,full
adamw,82,0.29304643472035724,0.2717529038588206,0.026524438833196957,0.401565283536911,199.36473592122397,0.2943892776966095,0.27337804436683655,0.026296133175492287,0.3931586742401123,199.6227264404297,4.3990574489998835,full
adamw,83,0.29345111052195233,0.272353192170461,0.026556274543205898,0.3909890949726105,205.26663716634116,0.29131174087524414,0.27059945464134216,0.025826329365372658,0.38995644450187683,201.78627014160156,3.5238157080002566,full
adamw,84,0.2921953797340393,0.27106672525405884,0.026605769370992977,0.3912886480490367,206.39119974772134,0.2888046205043793,0.2680663764476776,0.02601313591003418,0.3865833282470703,200.9037628173828,4.764387350999641,full
adamw,85,0.2911817729473114,0.26996583739916485,0.026653554911414783,0.39445802569389343,207.42150370279947,0.29030483961105347,0.26924431324005127,0.02606622874736786,0.4013698697090149,198.96435546875,3.498186342999361,full
adamw,86,0.29033636053403217,0.26906736691792804,0.02643070990840594,0.402682105700175,205.55078633626303,0.28963637351989746,0.2684856355190277,0.026150012388825417,0.40378716588020325,200.2008514404297,4.5941866989996925,full
adamw,87,0.2908698221047719,0.2694905400276184,0.02654034396012624,0.4054555396238963,207.1274210611979,0.289253830909729,0.2682025730609894,0.025969089940190315,0.40333497524261475,202.585693359375,3.693292822999865,full
adamw,88,0.29006022214889526,0.26856563488642377,0.026530127351482708,0.4114757478237152,208.0951182047526,0.28826406598091125,0.266961932182312,0.02618163824081421,0.4105651080608368,204.10255432128906,4.386483235999549,full
adamw,89,0.29026739796002704,0.2687187095483144,0.02654029056429863,0.4139269193013509,210.96903483072916,0.2893392741680145,0.2680835723876953,0.025653518736362457,0.42144614458084106,205.3916778564453,3.9469267450003827,full
adamw,90,0.29011455178260803,0.2685551345348358,0.02664368102947871,0.41187918186187744,214.30584716796875,0.28913170099258423,0.2679648697376251,0.025864597409963608,0.4117271900177002,210.68531799316406,3.9363209309995,full
adamw,91,0.2894138991832733,0.26792997121810913,0.026581063866615295,0.40966999530792236,215.07491048177084,0.28755512833595276,0.2664066553115845,0.025733156129717827,0.414093941450119,214.77476501464844,4.242609308999818,full
adamw,92,0.2890603244304657,0.2675883372624715,0.0265203354259332,0.4105908175309499,219.6645253499349,0.2866853177547455,0.26550349593162537,0.026047363877296448,0.40790796279907227,216.03915405273438,3.9708808670002327,full
adamw,93,0.2879468599955241,0.26643235484759015,0.026573322092493374,0.4113922615845998,220.45638020833334,0.28816869854927063,0.2667752504348755,0.026090720668435097,0.4174032211303711,216.26220703125,3.5244924309999988,full
adamw,94,0.2876458466053009,0.26613545417785645,0.026521689568956692,0.4124772846698761,222.4698740641276,0.28535476326942444,0.26445043087005615,0.025481324642896652,0.40818315744400024,218.9437713623047,4.687536397000258,full
adamw,95,0.28749650716781616,0.2659933567047119,0.02650679647922516,0.4124881426493327,223.8725382486979,0.2863299548625946,0.26507240533828735,0.025882616639137268,0.41581276059150696,218.96694946289062,5.497601891999693,full
adamw,96,0.28730716307957965,0.2657406230767568,0.02633749631543954,0.41988969842592877,226.23331197102866,0.2865361273288727,0.26504629850387573,0.026139093562960625,0.4210143983364105,225.47279357910156,3.463761748000252,full
adamw,97,0.2862159113089244,0.2644475996494293,0.026488545661171276,0.42620233694712323,227.52041625976562,0.2854900360107422,0.2640117406845093,0.025713931769132614,0.4310668408870697,225.59970092773438,3.5313871270000163,full
adamw,98,0.28675342599550885,0.26480109492937726,0.026393740127484005,0.43777329723040265,230.38640340169272,0.2846381962299347,0.26257020235061646,0.025929341092705727,0.4551664888858795,226.20928955078125,4.681729292000455,full
adamw,99,0.2875896692276001,0.2652113139629364,0.02654335709909598,0.4553333918253581,232.07528686523438,0.2867240607738495,0.26441314816474915,0.025801658630371094,0.4705037474632263,227.11109924316406,3.4544270790001974,full
adamw,100,0.28657853603363037,0.2639746367931366,0.026445789262652397,0.46905022859573364,235.3714345296224,0.28602084517478943,0.26307374238967896,0.025969525799155235,0.49811822175979614,228.30918884277344,4.681346983000367,full
muon,1,0.4074930250644684,0.3939744432767232,0.027014216408133507,0.0005735628462086121,217.04685974121094,0.4040374159812927,0.390855610370636,0.026344886049628258,0.0004683661391027272,211.88150024414062,3.647218721000172,full
muon,2,0.4075090487798055,0.39398622512817383,0.027026935790975887,0.00046757586339178186,227.63178507486978,0.4051738679409027,0.39209264516830444,0.02614400163292885,0.0004604469577316195,231.2029571533203,3.6971912580002027,full
muon,3,0.4080437819163005,0.39447962244351703,0.02709556557238102,0.0008190118727119019,244.84954325358072,0.4069822430610657,0.39366310834884644,0.026620008051395416,0.0004553156322799623,241.8704833984375,4.807349916999556,full
muon,4,0.4078499674797058,0.39436989029248554,0.026942166189352672,0.0004499246133491397,253.1299794514974,0.40680670738220215,0.39357003569602966,0.02645518258213997,0.0004538107314147055,247.37344360351562,3.6745611180003834,full
muon,5,0.40723034739494324,0.393739253282547,0.026964291309316952,0.0004479074850678444,258.67286682128906,0.40537017583847046,0.39218664169311523,0.02634926699101925,0.0004459639312699437,251.1108856201172,4.87573434099977,full
muon,6,0.4078235725561778,0.39434000849723816,0.026931203280886013,0.0008988432722010961,263.52268473307294,0.4052290618419647,0.39206603169441223,0.02630808763206005,0.0004502116935327649,252.3126983642578,3.4394019190003746,full
muon,7,0.40710126360257465,0.3935834964116414,0.027017632499337196,0.00044732266299736995,264.62317911783856,0.4068301022052765,0.39354386925697327,0.02655448205769062,0.00044956328929401934,256.5189514160156,4.819452569999157,full
muon,8,0.40754557649294537,0.39403966069221497,0.02697649411857128,0.0008837315835990012,266.29949951171875,0.40533265471458435,0.3921091556549072,0.02642897702753544,0.00045043890713714063,256.0884094238281,3.612473969000348,full
muon,9,0.40766290823618573,0.3941209713617961,0.027052351584037144,0.000788551231380552,265.8661295572917,0.4044680595397949,0.3912571966648102,0.026403723284602165,0.00045062985736876726,254.97874450683594,4.425056334999681,full
muon,10,0.4070211946964264,0.3934393525123596,0.02712882434328397,0.000871630385518074,264.20949300130206,0.40461254119873047,0.39148426055908203,0.026238158345222473,0.0004611237964127213,254.9612274169922,4.462042649000068,full
muon,11,0.40726908047993976,0.3937402168909709,0.02703801542520523,0.0004922461715371659,261.61268107096356,0.4050690829753876,0.39192983508110046,0.02626003511250019,0.0004626399895641953,251.0042266845703,4.268369790999714,full
muon,12,0.40702465176582336,0.39357175429662067,0.026887630422910053,0.00045441612989331287,257.29042561848956,0.4041018486022949,0.3909541368484497,0.026276880875229836,0.00046282666153274477,249.29257202148438,5.1269499279997035,full
muon,13,0.40720505515734357,0.39369537432988483,0.0269975954045852,0.0005441810353659093,254.46637471516928,0.40358060598373413,0.390324205160141,0.026494482532143593,0.00045706602395512164,243.88247680664062,3.6306922799994936,full
muon,14,0.4069545368353526,0.39340094725290936,0.027088761950532596,0.0004602090048138052,250.55926513671875,0.4049896001815796,0.3918840289115906,0.02619268000125885,0.00046214775647968054,241.98907470703125,3.5977918629996566,full
muon,15,0.40750380357106525,0.39388396342595416,0.027204960584640503,0.0008685633559556057,246.42395528157553,0.4046725630760193,0.3914857804775238,0.026355089619755745,0.0004618309030774981,236.3988494873047,4.218717215000652,full
muon,16,0.4067698617776235,0.39325451850891113,0.027012240141630173,0.0004613784355266641,240.72623697916666,0.4049445390701294,0.3918341100215912,0.026202348992228508,0.0004634700308088213,233.6460418701172,5.066045274999851,full
muon,17,0.40678640206654865,0.393364538749059,0.026825154821077984,0.00046502748349060613,236.37034606933594,0.40495842695236206,0.39175474643707275,0.026388702914118767,0.000465879071271047,226.4061279296875,3.473479526999654,full
muon,18,0.40667565663655597,0.39320700367291767,0.02691856709619363,0.00046848729834891856,231.89409891764322,0.4035661220550537,0.39034029841423035,0.026433074846863747,0.0004650634655263275,224.76980590820312,4.754646660000617,full
muon,19,0.40697698791821796,0.39342987537384033,0.027059553811947506,0.0008669001593564948,227.22469584147134,0.4064379632472992,0.39331865310668945,0.026219327002763748,0.00048230410902760923,226.1461944580078,3.792068252999343,full
muon,20,0.4066823124885559,0.3931647141774495,0.027014801278710365,0.0005097413183345149,224.76831563313803,0.403166264295578,0.38993576169013977,0.026441846042871475,0.0004784573975484818,216.79486083984375,4.238098107000042,full
muon,21,0.4066255986690521,0.39316627383232117,0.02689973699549834,0.0004725799662992358,219.69636027018228,0.4030570089817047,0.38988038897514343,0.026334155350923538,0.00047645546146668494,214.3784637451172,4.077870336999695,full
muon,22,0.4069344500700633,0.3934142589569092,0.027005493640899658,0.0008722091927969208,213.71263122558594,0.40510591864585876,0.3919484317302704,0.026295796036720276,0.00047948473365977407,207.07859802246094,3.764562020000085,full
muon,23,0.4064437647660573,0.39292388161023456,0.027016802380482357,0.000574490181558455,208.3260701497396,0.4054589569568634,0.3919879198074341,0.02692274935543537,0.000483333773445338,200.19189453125,5.140887464000116,full
muon,24,0.40599525968233746,0.3924444516499837,0.02706774075826009,0.0008468581169533232,202.62231953938803,0.40466994047164917,0.39140450954437256,0.026511525735259056,0.0004828501841984689,192.55113220214844,3.466683135000494,full
muon,25,0.4071384270985921,0.3936113516489665,0.027019695068399113,0.0008603803580626845,197.4664306640625,0.4032239019870758,0.390080988407135,0.026266274973750114,0.0004894754965789616,189.4108428955078,4.165188842999669,full
muon,26,0.4056750237941742,0.3921637237071991,0.02700320507089297,0.00048549630446359515,189.85615030924478,0.40437763929367065,0.3911932110786438,0.02634916640818119,0.0004910728894174099,182.2462921142578,4.831998023999404,full
muon,27,0.4065805474917094,0.3930998146533966,0.02694184270997842,0.0004908008850179613,182.77247111002603,0.40450769662857056,0.3912838399410248,0.02642790414392948,0.0004946907283738256,176.4659881591797,4.323642051999741,full
muon,28,0.40674711267153424,0.39323697487513226,0.026986305912335713,0.0008490065423150858,177.33548990885416,0.4051109552383423,0.39195892214775085,0.026284122839570045,0.0004993350594304502,170.23776245117188,3.916230169999835,full
muon,29,0.4067399700482686,0.39324183265368146,0.02696404668192069,0.0008057321732242902,171.73943074544272,0.40462878346443176,0.39146551489830017,0.026306627318263054,0.0004977124626748264,166.0189666748047,3.4569682999999714,full
muon,30,0.40669354796409607,0.39315850536028546,0.027049953117966652,0.0005028417605596284,167.52342732747397,0.40211954712867737,0.3889239728450775,0.02637116052210331,0.0004985544364899397,159.4772491455078,4.628609377999965,full
muon,31,0.4067702392737071,0.3933061460653941,0.026908035079638164,0.0005035781068727374,163.03906758626303,0.4038369655609131,0.39057594537734985,0.02650170587003231,0.0005079239490441978,156.93930053710938,3.7180719150001096,full
muon,32,0.40632466475168866,0.39287219444910687,0.026884643981854122,0.0005080400345226129,158.85284423828125,0.4040987193584442,0.3909442722797394,0.02628854103386402,0.0005074746441096067,150.5171661376953,5.025011943000209,full
muon,33,0.4060379962126414,0.3925057351589203,0.02704422113796075,0.0005076180289809903,154.47211201985678,0.40473583340644836,0.3917120099067688,0.02602728269994259,0.0005091241910122335,149.8475799560547,3.604123415999311,full
muon,34,0.40637844800949097,0.39291133483250934,0.026913641020655632,0.0005145918306273719,151.5513916015625,0.4048062264919281,0.3917367160320282,0.026118431240320206,0.000514138606376946,145.2874755859375,4.109829588999673,full
muon,35,0.40643242994944256,0.3929080069065094,0.027027706305185955,0.0005284048384055495,146.21281941731772,0.405001163482666,0.3917282819747925,0.026525039225816727,0.0005178722203709185,141.65383911132812,5.816949495000699,full
muon,36,0.4063567519187927,0.3928593397140503,0.026974085718393326,0.0005184610878738264,142.45008341471353,0.40386244654655457,0.3908451497554779,0.02601383440196514,0.0005182181484997272,131.5225067138672,3.660638203000417,full
muon,37,0.4064800937970479,0.3929481307665507,0.02704300917685032,0.0005231523925128082,134.8355255126953,0.4038335084915161,0.39044928550720215,0.026747552677989006,0.0005234717391431332,128.53866577148438,5.173306210000192,full
muon,38,0.40555886427561444,0.39210137724876404,0.026894044131040573,0.0005230427680847546,129.97102864583334,0.4034521281719208,0.3902490437030792,0.026385262608528137,0.0005225022323429585,122.96621704101562,3.3812178660000427,full
muon,39,0.4058244327704112,0.39234549800554913,0.026934165507555008,0.0005931264022365212,125.18648529052734,0.40258508920669556,0.38947534561157227,0.026198426261544228,0.0005258479504846036,115.19945526123047,4.067239469000015,full
muon,40,0.40682971477508545,0.3932785391807556,0.027066970864931744,0.0008844140490206579,119.74658457438152,0.4031008780002594,0.3898927867412567,0.026394840329885483,0.0005334477173164487,112.77210235595703,4.201548467000066,full
muon,41,0.4064555863539378,0.3928769330183665,0.027120512599746387,0.0009195576421916485,115.06860097249348,0.4029988646507263,0.38980165123939514,0.02637282945215702,0.0005397684290073812,107.44146728515625,5.02165143000002,full
muon,42,0.4059181908766429,0.39245755473772687,0.026899636412660282,0.0005397399654611945,110.36124674479167,0.40355440974235535,0.3903810381889343,0.02632494643330574,0.0005456273793242872,106.2998275756836,3.972557307999523,full
muon,43,0.40650177001953125,0.39292773604393005,0.027111992239952087,0.000901375082321465,106.80928293863933,0.4038904905319214,0.3907502293586731,0.02625870518386364,0.000545173475984484,101.34255981445312,5.345287684000141,full
muon,44,0.40586304664611816,0.39243889848391217,0.026826392859220505,0.0005470160200881461,104.14751688639323,0.40376320481300354,0.39066368341445923,0.0261771772056818,0.0005465726717375219,99.9748764038086,4.611536604000321,full
muon,45,0.40587522586186725,0.39243626594543457,0.0268558282405138,0.000552598115367194,101.05630238850911,0.40314000844955444,0.3899569809436798,0.02634403295814991,0.0005502331769093871,97.7859878540039,3.58849476999967,full
muon,46,0.4056251247723897,0.39210233092308044,0.02701011362175147,0.0008862533723004162,98.44685872395833,0.4040546715259552,0.3907827138900757,0.02652158960700035,0.0005593078094534576,94.45930480957031,4.6676748509999015,full
muon,47,0.40567566951115924,0.392191747824351,0.026945551857352257,0.0005575010824638108,95.33377329508464,0.4041709005832672,0.390870600938797,0.026578310877084732,0.0005569459754042327,91.59982299804688,3.7534689080002863,full
muon,48,0.4061545133590698,0.3925611972808838,0.027151027073462803,0.000890153634827584,90.7710444132487,0.40416064858436584,0.3909083902835846,0.026481935754418373,0.0005650017410516739,89.57362365722656,3.395986919000279,full
muon,49,0.4055769145488739,0.39209386706352234,0.026943316062291462,0.0005688643044171234,88.80345408121745,0.4037547707557678,0.3905755281448364,0.02633550390601158,0.0005756235914304852,86.88851165771484,3.4459493569993356,full
muon,50,0.40583644310633343,0.3923266530036926,0.026996634279688198,0.0005729392481346925,86.86466471354167,0.40425604581832886,0.39097216725349426,0.026544932276010513,0.0005705774528905749,83.02032470703125,3.2186922060000143,full
muon,51,0.4057524998982747,0.39226576685905457,0.026950395355621975,0.0005764628294855356,85.25955963134766,0.4043509364128113,0.39108866453170776,0.026501497253775597,0.0005762321525253356,82.4100112915039,3.4267881870000565,full
muon,52,0.4058573544025421,0.39225903153419495,0.027157320951422054,0.0009831814677454531,84.6886978149414,0.40343374013900757,0.39021703600883484,0.026410428807139397,0.0005758058396168053,83.1450424194336,3.131331893000606,full
muon,53,0.40527136127154034,0.3917493422826131,0.027019327506422997,0.0006172167486511171,82.61002095540364,0.4006862938404083,0.3874611258506775,0.026427287608385086,0.000577122438699007,80.93244171142578,3.1034543079995274,full
muon,54,0.40597139795621234,0.3925206661224365,0.02687685067454974,0.0006153482633332411,81.9452412923177,0.4041156768798828,0.39098915457725525,0.02622941881418228,0.0005906805745325983,80.58167266845703,3.2569506629997704,full
muon,55,0.4055332938830058,0.39210914572079975,0.02682457926372687,0.0005928464039849738,81.40157572428386,0.4041122794151306,0.39090535044670105,0.026390107348561287,0.000593019591178745,82.85505676269531,3.3676833669996995,full
muon,56,0.4065616528193156,0.39292622605959576,0.0272327462832133,0.000952807895373553,83.11555989583333,0.4052242040634155,0.391927570104599,0.0265693087130785,0.0005989262717776,85.26325225830078,3.343623632999879,full
muon,57,0.40564114848772687,0.3921351432800293,0.02698558879395326,0.0006605712502884368,85.05638376871745,0.4028297960758209,0.3895518183708191,0.02653188444674015,0.0006019510328769684,87.8502426147461,3.280511093000314,full
muon,58,0.40557756026585895,0.3920759856700897,0.0269665215164423,0.0009157977959451576,85.140625,0.40303146839141846,0.3900478482246399,0.025943264365196228,0.0005988642806187272,85.4878921508789,3.3361343160004253,full
muon,59,0.405862420797348,0.39231348037719727,0.027059640114506085,0.0009561191157748302,83.46344757080078,0.4018932282924652,0.3885815143585205,0.026599274948239326,0.0006034391699358821,83.84679412841797,3.228644943999825,full
muon,60,0.4060083230336507,0.3924738864103953,0.02703155701359113,0.0009324998633625606,83.1219711303711,0.4033890664577484,0.3901371955871582,0.02647925168275833,0.0006125970976427197,83.92255401611328,3.3157969189996948,full
muon,61,0.40535519520441693,0.3918565611044566,0.02697272536655267,0.0006133612672177454,83.78211720784505,0.40295305848121643,0.3897593021392822,0.026363011449575424,0.000612728763371706,85.18230438232422,3.1577914469999087,full
muon,62,0.4054625431696574,0.3919667700926463,0.026966944336891174,0.0006153332069516182,84.08263651529948,0.40279823541641235,0.3896450102329254,0.026281902566552162,0.0006139342440292239,83.45502471923828,3.0549975179992543,full
muon,63,0.4058576226234436,0.39236168066660565,0.026966990903019905,0.0006216652497338752,82.20102945963542,0.4033324122428894,0.390169233083725,0.026301544159650803,0.0006197578622959554,83.73492431640625,3.063881758000207,full
muon,64,0.4062105516592662,0.3927455544471741,0.02690498096247514,0.0006253535005574425,82.80148315429688,0.40472015738487244,0.3916895389556885,0.02603614516556263,0.0006277909269556403,84.34902954101562,3.306675341999835,full
muon,65,0.4051913022994995,0.3917291561762492,0.026898613820473354,0.0006420642603188753,83.45538330078125,0.40356332063674927,0.39041128754615784,0.02627904899418354,0.0006253983010537922,85.7706069946289,3.1277407419993324,full
muon,66,0.4055962562561035,0.3921131491661072,0.02694105419019858,0.0006292591763970753,84.80495198567708,0.40215668082237244,0.38900861144065857,0.026271095499396324,0.0006263311370275915,85.94403076171875,3.199745611000253,full
muon,67,0.40560345848401386,0.39204440514246625,0.027090781678756077,0.0006829290262733897,86.86128234863281,0.4036305248737335,0.39047321677207947,0.02628926932811737,0.0006331770564429462,87.74390411376953,3.306730405000053,full
muon,68,0.4061216413974762,0.39256007472674054,0.027083054805795353,0.0010014362245177229,86.76554361979167,0.40321850776672363,0.39006972312927246,0.0262718815356493,0.0006425223546102643,88.01704406738281,3.199488224000561,full
muon,69,0.40562914808591205,0.39203453063964844,0.027150144179662068,0.0009773386603531737,85.64233144124348,0.4049552381038666,0.3919668197631836,0.025951188057661057,0.000640583923086524,88.46709442138672,3.3401355209998655,full
muon,70,0.40553560853004456,0.39205583930015564,0.026933855687578518,0.0006426266433360676,87.0751215616862,0.40449950098991394,0.39121729135513306,0.02653859183192253,0.0006456548580899835,87.13525390625,3.168497429999661,full
muon,71,0.4048538605372111,0.39136233925819397,0.0269571499278148,0.0006475129436391095,86.28568522135417,0.40248629450798035,0.38915911316871643,0.026628628373146057,0.0006435070536099374,85.7707748413086,3.179854556000464,full
muon,72,0.40493635336558026,0.3914308448632558,0.026984899615248043,0.000653207399106274,85.35376230875652,0.4047714173793793,0.3914608657360077,0.02659468539059162,0.0006604334921576083,85.31722259521484,3.0499306550000256,full
muon,73,0.40573473771413165,0.39217562476793927,0.027091992398103077,0.0006559911804894606,83.08119710286458,0.4027867615222931,0.3895103931427002,0.026526452973484993,0.0006571850390173495,83.5825424194336,3.2991381159999946,full
muon,74,0.405866801738739,0.3922693729400635,0.027157656848430634,0.0009295372874476016,82.69320933024089,0.4024386405944824,0.38911890983581543,0.026612892746925354,0.000663994753267616,83.1545639038086,3.0933455080003114,full
muon,75,0.40547895431518555,0.3919450143973033,0.02702810987830162,0.0009941467821287613,82.5410639444987,0.40388572216033936,0.3905652165412903,0.02661433070898056,0.0006674196338281035,83.33063507080078,3.1593421990000934,full
muon,76,0.40520034233729046,0.39169060190518695,0.026981075604756672,0.0009604537626728415,81.29984283447266,0.4038313925266266,0.3906480371952057,0.02633984386920929,0.0006720383535139263,80.8858413696289,3.3351262500000303,full
muon,77,0.4050324559211731,0.39148085316022235,0.027074788386623066,0.0007104783435352147,80.31899515787761,0.40352654457092285,0.39020010828971863,0.026625823229551315,0.0006761603290215135,81.51144409179688,3.131853322999632,full
muon,78,0.40606701374053955,0.39250410596529645,0.02708658700188001,0.0009804595028981566,81.75984700520833,0.4021259546279907,0.38913822174072266,0.025948308408260345,0.0006790184997953475,82.58203887939453,3.352790105999702,full
muon,79,0.4052082896232605,0.39165984590848285,0.027057645842432976,0.0009817013633437455,81.30895741780598,0.4023161232471466,0.38910460472106934,0.026395760476589203,0.0006819978589192033,83.00006866455078,3.152801305000139,full
muon,80,0.40544021129608154,0.39196226994196576,0.026926198974251747,0.0007424416253343225,81.97814432779948,0.40305668115615845,0.389970988035202,0.0261441171169281,0.0006828976329416037,82.42530059814453,3.195986520000588,full
muon,81,0.404576708873113,0.39104364315668744,0.027038611471652985,0.0006877045379951596,82.64906056722005,0.40313720703125,0.3899930417537689,0.026260647922754288,0.000691728200763464,84.44725799560547,3.084774746000221,full
muon,82,0.40566978851954144,0.39219172795613605,0.02692822553217411,0.0006973133616459867,83.49182891845703,0.4024704396724701,0.3890140652656555,0.026885051280260086,0.0006923343171365559,84.57157897949219,3.1704092449999735,full
muon,83,0.404917707045873,0.39137866099675495,0.02705010399222374,0.0006998848596898218,84.70067342122395,0.40416860580444336,0.3909718692302704,0.026365667581558228,0.0006950638489797711,87.60456848144531,3.1037628770000083,full
muon,84,0.4051251510779063,0.3916320602099101,0.02695825882256031,0.000697898077002416,87.22554524739583,0.40143564343452454,0.3882588744163513,0.026325760409235954,0.0006945914938114583,86.61082458496094,3.086118534999514,full
muon,85,0.40503684679667157,0.3915689488252004,0.02690764268239339,0.0007041724553952614,87.21610005696614,0.40202125906944275,0.3890473544597626,0.025919821113348007,0.0007002582424320281,86.82916259765625,3.3094209999999293,full
muon,86,0.40463874737421673,0.3911142547925313,0.02702079713344574,0.0007048932602629066,87.02651468912761,0.4019840657711029,0.388866126537323,0.0262076985090971,0.0007053374429233372,87.10953521728516,3.131679578999865,full
muon,87,0.40548773606618244,0.3919626971085866,0.0270195584744215,0.0007634741681007048,87.22802988688152,0.40344515442848206,0.390203058719635,0.026455804705619812,0.0007088351412676275,88.79149627685547,3.343326170000182,full
muon,88,0.4052789906660716,0.39171867569287616,0.027080805972218513,0.0009951845471126337,87.92267608642578,0.40341225266456604,0.39021608233451843,0.026363685727119446,0.0007167382864281535,89.96949768066406,3.1355723839997154,full
muon,89,0.40496593713760376,0.39141326149304706,0.027066752935449283,0.0009642239116753141,90.3603515625,0.4036349058151245,0.3903484642505646,0.026543978601694107,0.0007222678395919502,91.26917266845703,3.1358495320000657,full
muon,90,0.4045812686284383,0.3910121222337087,0.027107457319895428,0.0007710048812441528,91.23807779947917,0.4033105969429016,0.3900402784347534,0.026511887088418007,0.0007177569204941392,91.69518280029297,3.178959210999892,full
muon,91,0.4038730462392171,0.3904141386349996,0.02688805324335893,0.0007436955735708276,91.46704864501953,0.40261110663414,0.3894502818584442,0.026292748749256134,0.000722136814147234,91.05191040039062,3.2791924330003894,full
muon,92,0.40449827909469604,0.3910274803638458,0.02691257248322169,0.0007259226986207068,90.95936584472656,0.40322527289390564,0.38998332619667053,0.026454752311110497,0.0007279316196218133,91.08395385742188,3.0703050259999145,full
muon,93,0.40552618106206256,0.3920541008313497,0.02691475550333659,0.0007353666587732732,88.61321258544922,0.4037252366542816,0.39056649804115295,0.026287879794836044,0.0007402790943160653,87.61890411376953,3.0447434689995134,full
muon,94,0.4047187070051829,0.3911471764246623,0.027101298794150352,0.0010443834277490776,87.29879252115886,0.4019075930118561,0.3888110816478729,0.026163477450609207,0.0007392014376819134,88.86087036132812,3.282857244000297,full
muon,95,0.40457699696222943,0.39105220635732013,0.027019890646139782,0.0007422572816722095,86.92889658610027,0.4036526083946228,0.3904191553592682,0.026436971500515938,0.000748093647416681,86.75301361083984,3.1095681890001288,full
muon,96,0.40482957164446515,0.3912857671578725,0.027048022175828617,0.0009900442285773654,85.85296376546223,0.40382230281829834,0.3907908499240875,0.026032837107777596,0.0007507984410040081,85.23983764648438,3.2851038729995707,full
muon,97,0.4045414924621582,0.3910900155703227,0.026872624332706135,0.0007586600258946419,85.07084147135417,0.4023176431655884,0.38906779885292053,0.026469681411981583,0.000749695987906307,84.33402252197266,3.1524014820006414,full
muon,98,0.40474872787793476,0.3912365138530731,0.026992011194427807,0.0008101295291756591,83.37765502929688,0.40332475304603577,0.3900182247161865,0.026582643389701843,0.0007595051429234445,83.62535858154297,3.1219964070005517,full
muon,99,0.4040777385234833,0.3906193971633911,0.02688649483025074,0.0007549068541266024,83.02170308430989,0.4030766189098358,0.3896976113319397,0.026727693155407906,0.0007585034472867846,81.83094787597656,3.175416769999174,full
muon,100,0.40467477838198346,0.3911977708339691,0.02692354843020439,0.000761581351980567,81.13198598225911,0.4038180410861969,0.3906194567680359,0.026366453617811203,0.0007672627689316869,81.51350402832031,3.275133325999377,full
